TABLE_NAME,SAMPLE_TYPE,PARAMETER,APP_FIELD_NAME,APP_FORM_NAME,APP_LEGAL_VALUES,DESCRIPTION
NOT_IN_DATABASE,FISH,REVIEW,ECOFISH_REVIEW,ECOFISH,NA,NA
NOT_IN_DATABASE,NOT_IN_DATABASE,REVIEW,TRACKING_REVIEW,TRACKING,NA,NA
tblANALYETABLE,NONE,CAS_NO,NA,NA,NA,CAS number
tblANALYETABLE,NONE,LAB_ANALYTE,NA,NA,NA,Lab name for analyte
tblASSESSMENT,ASSE,AGR_CROP,AGR_CROP,ASSESSMENT,|A|L|M|H,Agricultural: cropland
tblASSESSMENT,ASSE,AGR_IRRG,AGR_IRRG,ASSESSMENT,|A|L|M|H,Agricultural: irrigation equipment
tblASSESSMENT,ASSE,AGR_ORCH,AGR_ORCH,ASSESSMENT,|A|L|M|H,Agricultural: orchards
tblASSESSMENT,ASSE,AGR_PAS,AGR_PAS,ASSESSMENT,|A|L|M|H,Agricultural: pasture
tblASSESSMENT,ASSE,AGR_POUL,AGR_POUL,ASSESSMENT,|A|L|M|H,Agricultural: poultry
tblASSESSMENT,ASSE,AGR_STCK,AGR_STCK,ASSESSMENT,|A|L|M|H,Agricultural:livestock
tblASSESSMENT,ASSE,AGR_WITH,AGR_WITH,ASSESSMENT,|A|L|M|H,Agricultural: water withdrawal
tblASSESSMENT,ASSE,ALL_SHORELINE_EVALUATED,ALL_SHORELINE_EVALUATED,ASSESSMENT,|Y,All shoreline activities were evaluated
tblASSESSMENT,ASSE,ALL_TRASH_EVALUATED,ALL_TRASH_EVALUATED,ASSESSMENT,|Y,All trash observed were evaluated
tblASSESSMENT,ASSE,ALUMINUM_CANS,TRASH_ALUMINUM_CANS,ASSESSMENT,|0|<5|5-20|>20,Trash observed: alumium cans
tblASSESSMENT,ASSE,APPEALING,APPEALING,ASSESSMENT,|1|2|3|4|5,Forest age class (years)
tblASSESSMENT,ASSE,ASSESSMENT_NOT_POSSIBLE,ASSESSMENT_NOT_POSSIBLE,ASSESSMENT,|N|Y,Is assessment possible
tblASSESSMENT,ASSE,ASSESSMENT_REVIEW,ASSESSMENT_REVIEW,ASSESSMENT,|Y,Assessment form reviewed
tblASSESSMENT,ASSE,DOM_LAND_USE,DOM_LAND_USE,ASSESSMENT,|FOREST|AGRICULTURE|RANGE|URBAN|SUBURBAN,Dominant land uses
tblASSESSMENT,ASSE,FISHING_GEAR,FISHING_GEAR,ASSESSMENT,|0|<5|5-20|>20,Trash observed: fishing gear
tblASSESSMENT,ASSE,FISHING_GEAR_TYPE,FISHING_GEAR_TYPE,ASSESSMENT,NA,Trash observed: fishing gear items
tblASSESSMENT,ASSE,FOR_AGE_CLASS,FOR_AGE_CLASS,ASSESSMENT,|0-25|26-75|>75,Forest age class (years)
tblASSESSMENT,ASSE,IND_COML,IND_COML,ASSESSMENT,|A|L|M|H,Industrial: commercial
tblASSESSMENT,ASSE,IND_FIRE,IND_FIRE,ASSESSMENT,|A|L|M|H,Industrial: evidence of fire
tblASSESSMENT,ASSE,IND_IND,IND_IND,ASSESSMENT,|A|L|M|H,Industrial: industrial plants
tblASSESSMENT,ASSE,IND_LOG,IND_LOG,ASSESSMENT,|A|L|M|H,Industrial: logging
tblASSESSMENT,ASSE,IND_MINE,IND_MINE,ASSESSMENT,|A|L|M|H,Industrial: mines/quarries
tblASSESSMENT,ASSE,IND_ODOR,IND_ODOR,ASSESSMENT,|A|L|M|H,Industrial: odors
tblASSESSMENT,ASSE,IND_OIL,IND_OIL,ASSESSMENT,|A|L|M|H,Industrial: oil/gas wells
tblASSESSMENT,ASSE,IND_POWR,IND_POWR,ASSESSMENT,|A|L|M|H,Industrial: power plants
tblASSESSMENT,ASSE,MAN_ANGL,MAN_ANGL,ASSESSMENT,|A|L|M|H,Stream management: angling pressure
tblASSESSMENT,ASSE,MAN_CHAN,MAN_CHAN,ASSESSMENT,|A|L|M|H,Stream management: channelization
tblASSESSMENT,ASSE,MAN_CHEM,MAN_CHEM,ASSESSMENT,|A|L|M|H,Stream management: chemical treatment
tblASSESSMENT,ASSE,MAN_DRED,MAN_DRED,ASSESSMENT,|A|L|M|H,Stream management: act of Dredging
tblASSESSMENT,ASSE,MAN_DREDGE,MAN_DREDGE,ASSESSMENT,|A|L|M|H,Stream management: dredging material
tblASSESSMENT,ASSE,MAN_SHORE,MAN_SHORE,ASSESSMENT,|A|L|M|H,Stream management: shoreline hardening
tblASSESSMENT,ASSE,MAN_WLF,MAN_WLF,ASSESSMENT,|A|L|M|H,stream management: water level fluctuations
tblASSESSMENT,ASSE,OTHER,TRASH_OTHER,ASSESSMENT,|0|<5|5-20|>20,Trash observed: other
tblASSESSMENT,ASSE,OTHER_PLASTIC,TRASH_OTHER_PLASTIC,ASSESSMENT,|0|<5|5-20|>20,Trash observed: other plastic
tblASSESSMENT,ASSE,OTHER_PLASTIC_TYPE,TRASH_OTHER_PLASTIC_ITEMS,ASSESSMENT,NA,Trash observed: pther plastic type
tblASSESSMENT,ASSE,OTHER_TYPE,TRASH_OTHER_ITEMS,ASSESSMENT,NA,Trash observed: other type
tblASSESSMENT,ASSE,PLASTIC_BOTTLES,TRASH_PLASTIC_BOTTLES,ASSESSMENT,|0|<5|5-20|>20,Trash observed: plastic bottles
tblASSESSMENT,ASSE,PRISTINE,PRISTINE,ASSESSMENT,|1|2|3|4|5,Water body character (pristine (5) to highly disturbed (1))
tblASSESSMENT,ASSE,REC_BEACH,REC_BEACH,ASSESSMENT,|A|L|M|H,Recreational:beach
tblASSESSMENT,ASSE,REC_DUNES,REC_DUNES,ASSESSMENT,|A|L|M|H,Recreational:dunes
tblASSESSMENT,ASSE,REC_FILM,REC_FILM,ASSESSMENT,|A|L|M|H,Recreational:surface film
tblASSESSMENT,ASSE,REC_FOREST,REC_FOREST,ASSESSMENT,|A|L|M|H,Recreational:forest
tblASSESSMENT,ASSE,REC_PARK,REC_PARK,ASSESSMENT,|A|L|M|H,"Recreational: parks, campgrounds"
tblASSESSMENT,ASSE,REC_PRIM,REC_PRIMITIVE,ASSESSMENT,|A|L|M|H,"Recreational: primitive parks, camping"
tblASSESSMENT,ASSE,REC_TRASH,REC_TRASH,ASSESSMENT,|A|L|M|H,Recreational: trash/litter
tblASSESSMENT,ASSE,REC_TRLS,REC_TRLS,ASSESSMENT,|A|L|M|H,Recreational: hiking trails
tblASSESSMENT,ASSE,RES_BRID,RES_BRID,ASSESSMENT,|A|L|M|H,Residential: bridge/culverts
tblASSESSMENT,ASSE,RES_CON,RES_CON,ASSESSMENT,|A|L|M|H,Residential: construction
tblASSESSMENT,ASSE,RES_DUMP,RES_DUMP,ASSESSMENT,|A|L|M|H,Residential: dumping
tblASSESSMENT,ASSE,RES_LAWN,RES_LAWN,ASSESSMENT,|A|L|M|H,Residential: maintained lawns
tblASSESSMENT,ASSE,RES_PIPE,RES_PIPE,ASSESSMENT,|A|L|M|H,Residental: pipes
tblASSESSMENT,ASSE,RES_RES,RES_RES,ASSESSMENT,|A|L|M|H,Residental: residences
tblASSESSMENT,ASSE,RES_ROAD,RES_ROAD,ASSESSMENT,|A|L|M|H,Residential: roads
tblASSESSMENT,ASSE,RES_SEWG,RES_SEWG,ASSESSMENT,|A|L|M|H,Residential: sewage treatment
tblASSESSMENT,ASSE,SAV_BOTTOM,SAV_BOTTOM,ASSESSMENT,|N|Y,SAV noted on bottom
tblASSESSMENT,ASSE,SAV_BOTTOM_ELSEWHERE,SAV_BOTTOM_ELSEWHERE,ASSESSMENT,|N|Y,NA
tblASSESSMENT,ASSE,SAV_FLOATING,SAV_FLOATING,ASSESSMENT,|N|Y,SAV noted as floating
tblASSESSMENT,ASSE,SAV_ID,SAV_ID,ASSESSMENT,|N|Y,SAV identified
tblASSESSMENT,ASSE,SAV_OBSERVED,SAV_OBSERVED,ASSESSMENT,|N|Y,???
tblASSESSMENT,ASSE,SAV_OTHER,SAV_OTHER,ASSESSMENT,|N|Y,???
tblASSESSMENT,ASSE,SAV_OTHER_DETAIL,SAV_OTHER_DETAIL,ASSESSMENT,NA,Other details about observed SAV
tblASSESSMENT,ASSE,SAV_PHOTO,SAV_PHOTO,ASSESSMENT,|N|Y,???
tblASSESSMENT,ASSE,SAV_PHOTO_NO,SAV_PHOTO_NO,ASSESSMENT,NA,Number of photos showing SAV
tblASSESSMENT,ASSE,SAV_PRESENT_ANCHOR,SAV_PRESENT_ANCHOR,ASSESSMENT,|N|Y,???
tblASSESSMENT,ASSE,SAV_PRESENT_GRAB,SAV_PRESENT_GRAB,ASSESSMENT,|N|Y,???
tblASSESSMENT,ASSE,SAV_SPECIES,SAV_SPECIES,ASSESSMENT,NA,SAV binomial
tblASSESSMENT,ASSE,SAV_VEG_COVER,SAV_VEG_COVER,ASSESSMENT,|SPARSE|MODERATE|DENSE,Classification of SAV cover amount
tblASSESSMENT,ASSE,SAV_VEG_LOCATION,SAV_VEG_LOCATION,ASSESSMENT,|INSIDE_BED|OUTSIDE_BED|OVER_BED,Location of SAV cover observed
tblASSESSMENT,ASSE,TIRES,TRASH_TIRES,ASSESSMENT,|0|<5|5-20|>20,Trash observed: tires
tblASSESSMENT,ASSE,VISIBLE_BOTTOM,VISIBLE_BOTTOM,ASSESSMENT,|NO_DOMINANT|MACRO|SAV,Observable bottom vegetation
tblASSESSMENT,ASSE,WATER_CLARITY,WATER_CLARITY,ASSESSMENT,||NOT_VISIBLE|VISIBLE_NO_SAV|VISIBLE_SAV,Clarity based on SAV visibility
tblBENTCNT,BENT,DENSITY,NA,NA,NA,Density of taxon in sample
tblCOMMENTS,ALKT,ALKT_COMMENT,ALKT_COMMENT,SAMPLES,NA,Alkalinity comment
tblCOMMENTS,ALKT,SHIP_COMMENT,ALKT_SHIP_COMMENT,TRACKING,NA,Shipping commemnt for alkalinity sample
tblCOMMENTS,ASSE,GEN_COM,GENERAL,ASSESSMENT,NA,General site comments
tblCOMMENTS,ASSE,WEATHER,WEATHER,ASSESSMENT,NA,Weather comments
tblCOMMENTS,BENT,BENT_COMMENT,BENT_COMMENT,SAMPLES,NA,Benthic sample comment
tblCOMMENTS,BENT,BENTP_COMMENT,BENTP_COMMENT,SAMPLES,NA,Benthic processing comment
tblCOMMENTS,BENT,NOT_COLLECTED,BENT_NOT_COLLECTED_REASON,SAMPLES,NA,Reason benthic sample not collected
tblCOMMENTS,BENT,SHIP_COMMENT,BENT_SHIP_COMMENT,TRACKING,NA,Benthic sample comment
tblCOMMENTS,CALIB,COND_CALIBRATION_COMMENT,COND_CALIBRATION_COMMENT,CALIBRATION,NA,NA
tblCOMMENTS,CALIB,DO_CALIBRATION_COMMENT,DO_CALIBRATION_COMMENT,CALIBRATION,NA,NA
tblCOMMENTS,CALIB,PH_CALIBRATION_COMMENT,PH_CALIBRATION_COMMENT,CALIBRATION,NA,NA
tblCOMMENTS,CALIB,POST_EXPECTED_COMMENT,POST_EXPECTED_COMMENT,CALIBRATION,NA,NA
tblCOMMENTS,CALIB,POST_MEASURED_COMMENT,POST_MEASURED_COMMENT,CALIBRATION,NA,NA
tblCOMMENTS,CALIB,QC_COMMENT,QC_COMMENT,CALIBRATION,NA,NA
tblCOMMENTS,CALIB,TEMP_CALIBRATION_COMMENT,TEMP_CALIBRATION_COMMENT,CALIBRATION,NA,NA
tblCOMMENTS,CHEM,CHEM_COMMENT,CHEM_COMMENT,SAMPLES,NA,Water chemistry sample comment
tblCOMMENTS,CHEM,CHEMP_COMMENT,CHEMP_COMMENT,SAMPLES,NA,Water chemistry processing comment
tblCOMMENTS,CHEM,SHIP_COMMENT,CHEM_SHIP_COMMENT,TRACKING,NA,Chemistry sample comment
tblCOMMENTS,D15N,D15N_COMMENT,D15N_COMMENT,SAMPLES,NA,Nitrogen-15 isotope comment
tblCOMMENTS,D15N,SHIP_COMMENT,D15N_SHIP_COMMENT,TRACKING,NA,Shipping commemnt for Nitrogen isotope sample
tblCOMMENTS,ENTE,ENTE_COMMENT,ENTE_COMMENT,SAMPLES,NA,Enterococci comment
tblCOMMENTS,ENTE,ENTEP_COMMENT,ENTEP_COMMENT,SAMPLES,NA,Enterococci processing comment
tblCOMMENTS,ENTE,SHIP_COMMENT,ENTE_SHIP_COMMENT,TRACKING,NA,Enterococci sample comment
tblCOMMENTS,ESA,ESA_COMMENT,ESA_COMMENT,ESA,,NA
tblCOMMENTS,FPLG,SHIP_COMMENT,FPLG_SHIP_COMMENT,TRACKING,NA,Fish plug sample comment
tblCOMMENTS,FTIS,COMMENT,FTIS_COMMENT,ECOFISH,NA,NA
tblCOMMENTS,FTIS,GILL_COMMENT,EINF_GILL_COMMENT,ECOFISH,NA,NA
tblCOMMENTS,FTIS,HOOK_COMMENT,EINF_HOOK_COMMENT,ECOFISH,NA,NA
tblCOMMENTS,FTIS,NOT_COLLECTED,FTIS_NOT_COLLECTED_REASON,ECOFISH,NA,Reason fish tissue not collected
tblCOMMENTS,FTIS,OTHER_COMMENT,EINF_OTHER_COMMENT,ECOFISH,NA,NA
tblCOMMENTS,FTIS,PRIM_GILL_COMMENT,EINF_PRIM_GILL_COMMENT,ECOFISH,NA,ESA contact comment
tblCOMMENTS,FTIS,PRIM_SEINE_COMMENT,EINF_PRIM_SEINE_COMMENT,ECOFISH,NA,ESA contact comment
tblCOMMENTS,FTIS,PRIM_TRAWL_COMMENT,EINF_PRIM_TRAWL_COMMENT,ECOFISH,NA,ESA contact comment
tblCOMMENTS,FTIS,SEC_GILL_COMMENT,EINF_SEC_GILL_COMMENT,ECOFISH,NA,ESA contact comment
tblCOMMENTS,FTIS,SEC_SEINE_COMMENT,EINF_SEC_SEINE_COMMENT,ECOFISH,NA,ESA contact comment
tblCOMMENTS,FTIS,SEC_TRAWL_COMMENT,EINF_SEC_TRAWL_COMMENT,ECOFISH,NA,ESA contact comment
tblCOMMENTS,FTIS,SEINE_COMMENT,EINF_SEINE_COMMENT,ECOFISH,NA,NA
tblCOMMENTS,FTIS,SHIP_COMMENT,FTIS_SHIP_COMMENT,TRACKING,NA,Fish tissue sample comment
tblCOMMENTS,FTIS,TRAWL_COMMENT,EINF_TRAWL_COMMENT,ECOFISH,NA,NA
tblCOMMENTS,HTIS,COMMENT,HTIS_COMMENT,ECOFISH,NA,ESA contact comment
tblCOMMENTS,HTIS,NOT_COLLECTED,HTIS_NOT_COLLECTED_REASON,ECOFISH,NA,Crews reason for not collecting HTIS sample
tblCOMMENTS,HTIS,SHIP_COMMENT,HTIS_SHIP_COMMENT,TRACKING,NA,Human health fish tissue sample comment
tblCOMMENTS,HYDRO,1_COMMENT,1_COMMENT,PROFILE,NA,NA
tblCOMMENTS,MICX,MICX_COMMENT,MICX_COMMENT,SAMPLES,NA,Microcystin sample comment
tblCOMMENTS,MICX,MICXP_COMMENT,MICXP_COMMENT,SAMPLES,NA,Microcystin processing comment
tblCOMMENTS,MICX,SHIP_COMMENT,MICX_SHIP_COMMENT,TRACKING,NA,Microcystin sample comment
tblCOMMENTS,MICZ,MICZ_COMMENT,MICZ_COMMENT,SAMPLES,NA,Microcystin Z comment
tblCOMMENTS,MICZ,SHIP_COMMENT,MICZ_SHIP_COMMENT,TRACKING,NA,MICZ toxin sample comment
tblCOMMENTS,NUTS,NUTS_COMMENT,NUTS_COMMENT,SAMPLES,NA,Nutrient sample comment
tblCOMMENTS,NUTS,NUTSP_COMMENT,NUTSP_COMMENT,SAMPLES,NA,Nutrient processing comment
tblCOMMENTS,NUTS,SHIP_COMMENT,NUTS_SHIP_COMMENT,TRACKING,NA,Nutrients sample comment
tblCOMMENTS,PHYT,PHYT_COMMENT,PHYT_COMMENT,SAMPLES,NA,Phytoplankton sample comment
tblCOMMENTS,PHYT,PHYTP_COMMENT,PHYTP_COMMENT,SAMPLES,NA,Phytoplankton processing comment
tblCOMMENTS,PHYT,SHIP_COMMENT,PHYT_SHIP_COMMENT,TRACKING,NA,Phytoplankton sample comment
tblCOMMENTS,SECC,SECCHI_COMMENT,SECCHI_COMMENT,PROFILE,NA,NA
tblCOMMENTS,SEDC,SEDC_COMMENT,SEDC_COMMENT,SAMPLES,NA,Sediment TOC sample comment
tblCOMMENTS,SEDC,SEDCP_COMMENT,SEDCP_COMMENT,SAMPLES,NA,Sediment TOC processing comment
tblCOMMENTS,SEDC,SHIP_COMMENT,SEDC_SHIP_COMMENT,TRACKING,NA,Sediment toc sample comment
tblCOMMENTS,SEDG,NOT_COLLECTED,SEDG_NOT_COLLECTED_REASON,SAMPLES,NA,Reason SEDG sample not collected
tblCOMMENTS,SEDG,SEDG_COMMENT,SEDG_COMMENT,SAMPLES,NA,Sediment grain size sample comment
tblCOMMENTS,SEDG,SEDGP_COMMENT,SEDGP_COMMENT,SAMPLES,NA,Sediment grain size processing comment
tblCOMMENTS,SEDG,SHIP_COMMENT,SEDG_SHIP_COMMENT,TRACKING,NA,Sediment grain sample comment
tblCOMMENTS,SEDO,NOT_COLLECTED,SEDO_NOT_COLLECTED_REASON,SAMPLES,NA,Reason SEDO sample not collected
tblCOMMENTS,SEDO,SEDO_COMMENT,SEDO_COMMENT,SAMPLES,NA,Sediment organics/metals sample comment
tblCOMMENTS,SEDO,SEDOP_COMMENT,SEDOP_COMMENT,SAMPLES,NA,Sediment organics/metals processing comment
tblCOMMENTS,SEDO,SHIP_COMMENT,SEDO_SHIP_COMMENT,TRACKING,NA,Organic sediment sample comment
tblCOMMENTS,SEDX,DISTANCE_COMMENT,SEDX_DISTANCE_COMMENT,SAMPLES,NA,Field measured salinity
tblCOMMENTS,SEDX,NOT_COLLECTED,SEDX_NOT_COLLECTED_REASON,SAMPLES,NA,Reason SEDX sample not collected
tblCOMMENTS,SEDX,SEDX_COMMENT,SEDX_COMMENT,SAMPLES,NA,Sediment toxicity sample comment
tblCOMMENTS,SEDX,SEDXP_COMMENT,SEDXP_COMMENT,SAMPLES,NA,Sediment toxicity processing comment
tblCOMMENTS,SEDX,SHIP_COMMENT,SEDX_SHIP_COMMENT,TRACKING,NA,Sediment toxicity sample comment
tblCOMMENTS,UVID,SHIP_COMMENT,UVID_SHIP_COMMENT,TRACKING,NA,Underwater video sample comment
tblCOMMENTS,UVID,UVID_COMMENT,UVID_COMMENT,SAMPLES,NA,Underwater video comment
tblCOMMENTS,VERIF,DRCTNS,DRCTNS,VERIFICATION,NA,Directions to stream or river
tblCOMMENTS,VERIF,GEN_COM,GEN_COM,VERIFICATION,NA,General comments
tblCOMMENTS,WCHL,SHIP_COMMENT,WCHL_SHIP_COMMENT,TRACKING,NA,Chlorophyll sample comment
tblCOMMENTS,WCHL,WCHL_COMMENT,WCHL_COMMENT,SAMPLES,NA,Water chlorophyll sample comment
tblCOMMENTS,WCHL,WCHLP_COMMENT,WCHLP_COMMENT,SAMPLES,NA,Water chlorophyll processing comment
tblCREW,VERIF,CREW_LEADER,CREW_LEADER,VERIFICATION,NA,Name of crew leader
tblCREW,VERIF,FISH_TAXONOMIST,FISH_TAXONOMIST,VERIFICATION,NA,Name of fish taxonomist
tblCREW,VERIF,NAME1,NAME1,VERIFICATION,NA,Name of crew member
tblCREW,VERIF,NAME2,NAME2,VERIFICATION,NA,Name of crew member
tblCREW,VERIF,NAME3,NAME3,VERIFICATION,NA,Name of crew member
tblCREW,VERIF,NAME4,NAME4,VERIFICATION,NA,Name of crew member
tblCREW,VERIF,NAME5,NAME5,VERIFICATION,NA,Name of crew member
tblCREW,VERIF,NAME6,NAME6,VERIFICATION,NA,Name of crew member
tblESA,ESA,ESA_AFFECTED,ESA_HABITAT_AFFECTED,ESA,|Y|N,NA
tblESA,ESA,ESA_DISPOSITION,ESA_DISPOSITION,ESA,|UNHARMED|INJURED|DYING|DEAD,NA
tblESA,ESA,ESA_ENCOUNTER_DESCRIPT,ESA_ENCOUNTER_DESCRIPT,ESA,,NA
tblESA,ESA,ESA_ENCOUNTER_TYPE,ESA_ENCOUNTER_TYPE,ESA,|NO_INTERACTION|OBSERVED_FLAGGED|CAPTURED_NET|CAPTURED_PONAR|OTHER,NA
tblESA,ESA,ESA_ENCOUNTERED,ESA_ENCOUNTERED,ESA,|Y|N,NA
tblESA,ESA,ESA_HABITAT_DESCRIPTION,ESA_HABITAT_DESCRIPTION,ESA,,NA
tblESA,ESA,ESA_HABITAT_IDENTIFIED,ESA_HABITAT_IDENTIFIED,ESA,,NA
tblESA,ESA,ESA_LEAD_NOTIFIED,ESA_LEAD_NOTIFIED,ESA,|Y,NA
tblESA,ESA,ESA_NUMBER_INDIVIDUALS,ESA_NUMBER_INDIVIDUALS,ESA,,NA
tblESA,ESA,ESA_REVIEW,ESA_REVIEW,ESA,|Y|N,NA
tblESA,ESA,ESA_SPECIES,ESA_SPECIES,ESA,,NA
tblEVALVISITS,EVALVIS,INDEX_CBS,NA,NA,NA,Index visit for Chequamegon Bay Study (Y/N). Missing value indicates not part of study.
tblEVALVISITS,EVALVIS,INDEX_GBA,NA,NA,NA,Index visit for Green Bay Study (Y/N). Missing value indicates not part of study.
tblEVALVISITS,EVALVIS,INDEX_ISA,NA,NA,NA,Index visit for Lake Michigan Island NP Study (Y/N). Missing value indicates not part of study.
tblEVALVISITS,EVALVIS,INDEX_LE,NA,NA,NA,Index visit for Lake Erie Enhancement (Y/N). Missing value indicates not part of study.
tblEVALVISITS,EVALVIS,INDEX_LIS,NA,NA,NA,Index visit for Long Island Sound Study (Y/N). Missing value indicates not part of study.
tblEVALVISITS,EVALVIS,INDEX_NCCA20,NA,NA,NA,Index visit for 2020 National Coastal Condition Assessment (Y/N). Missing value indicates not part of study.
tblEVALVISITS,EVALVIS,INDEX_NGLA20,NA,NA,NA,Index visit for 2020 National Great Lakes Assessment (Y/N). Missing value indicates not part of study.
tblEVALVISITS,EVALVIS,INDEX_RF,NA,NA,NA,Index visit for Reef Flats Study (Y/N). Missing value indicates not part of study.
tblFIELDCALIBRATION,CALIB,CAL_INST_ID,CAL_INST_ID,CALIBRATION,NA,Calibration Instrument ID number
tblFIELDCALIBRATION,CALIB,CAL_INST_MODEL,CAL_INST_MODEL,CALIBRATION,NA,Calibration Instrument Model
tblFIELDCALIBRATION,CALIB,CAL_INST_OPERATOR,CAL_INST_OPERATOR,CALIBRATION,NA,Calibration Instrument Operator
tblFIELDCALIBRATION,CALIB,CALIBRATION_REVIEW,CALIBRATION_REVIEW,CALIBRATION,|Y,Calibration form reviewed: Y
tblFIELDCALIBRATION,CALIB,COND_QCS_DESC,COND_QCS_DESC,CALIBRATION,NA,Conductivity QCS calibration description
tblFIELDCALIBRATION,CALIB,COND_STD1_DESC,COND_STD1_DESC,CALIBRATION,NA,Conductivity STD2 Description
tblFIELDCALIBRATION,CALIB,COND_STD1_VALUE,COND_STD1_VALUE,CALIBRATION,NA,Conductivity STD2 Value
tblFIELDCALIBRATION,CALIB,COND_STD2_DESC,COND_STD2_DESC,CALIBRATION,NA,Conductivity STD2 Description
tblFIELDCALIBRATION,CALIB,COND_STD2_VALUE,COND_STD2_VALUE,CALIBRATION,NA,Conductivity STD2 Value
tblFIELDCALIBRATION,CALIB,DATE_PREPARED,DATE_PREPARED,CALIBRATION,NA,NA
tblFIELDCALIBRATION,CALIB,DO_BARO_PRESSURE,DO_BARO_PRESSURE,CALIBRATION,NA,Barometric pressure (mm/Hg)
tblFIELDCALIBRATION,CALIB,DO_CALIBRATION_UNITS,DO_CALIBRATION_UNITS,CALIBRATION,|PERCENT|mg/L,DO Calibration units
tblFIELDCALIBRATION,CALIB,DO_CALIBRATION_VALUE,DO_CALIBRATION_VALUE,CALIBRATION,NA,DO calibration value (mg/L or  percent)
tblFIELDCALIBRATION,CALIB,DO_DISPLAYED_UNITS,DO_DISPLAYED_UNITS,CALIBRATION,|PERCENT|mg/L,DO Displayed units
tblFIELDCALIBRATION,CALIB,DO_DISPLAYED_VALUE,DO_DISPLAYED_VALUE,CALIBRATION,NA,DO displayed value (mg/L or  percent)
tblFIELDCALIBRATION,CALIB,EXPECTED_COND,EXPECTED_COND,CALIBRATION,NA,Calibration Check - Standard Conductivity
tblFIELDCALIBRATION,CALIB,EXPECTED_PH,EXPECTED_PH,CALIBRATION,NA,Calibration Check - Standard pH
tblFIELDCALIBRATION,CALIB,INTERNAL_METER_CHECK,INTERNAL_METER_CHECK,CALIBRATION,|N|Y,Internal meter check performed
tblFIELDCALIBRATION,CALIB,MEASURED_COND,MEASURED_COND,CALIBRATION,NA,Conductivity
tblFIELDCALIBRATION,CALIB,MEASURED_PH,MEASURED_PH,CALIBRATION,NA,Calibration Check - Measured pH
tblFIELDCALIBRATION,CALIB,MEASURED_TEMP,MEASURED_TEMP,CALIBRATION,NA,Calibration Check - Temperature
tblFIELDCALIBRATION,CALIB,MODEL_EXEMPT,MODEL_EXEMPT,CALIBRATION,|N|Y,Calibration Instrument Model
tblFIELDCALIBRATION,CALIB,NO_QC_CHECK,NO_QC_CHECK,CALIBRATION,|Y|N,NA
tblFIELDCALIBRATION,CALIB,PH_STD1_DESC,PH_STD1_DESC,CALIBRATION,NA,pH STD1 description
tblFIELDCALIBRATION,CALIB,PH_STD1_VALUE,PH_STD1_VALUE,CALIBRATION,NA,pH STD1 value
tblFIELDCALIBRATION,CALIB,PH_STD2_DESC,PH_STD2_DESC,CALIBRATION,NA,pH STD2 description
tblFIELDCALIBRATION,CALIB,PH_STD2_VALUE,PH_STD2_VALUE,CALIBRATION,NA,pH STD2 value
tblFIELDCALIBRATION,CALIB,POST_4_DAYS,POST_4_DAYS,CALIBRATION,|N|Y,Will meter be used at another NCCA site iwthin 4 days
tblFIELDCALIBRATION,CALIB,POST_EXPECTED_COND,POST_EXPECTED_COND,CALIBRATION,NA,Post-Measurement Calibration Check - Standard Conductivity
tblFIELDCALIBRATION,CALIB,POST_EXPECTED_PH,POST_EXPECTED_PH,CALIBRATION,NA,Post-Measurement Calibration Check - Standard pH
tblFIELDCALIBRATION,CALIB,POST_MEASURED_COND,POST_MEASURED_COND,CALIBRATION,NA,Post-Measurement Conductivity
tblFIELDCALIBRATION,CALIB,POST_MEASURED_PH,POST_MEASURED_PH,CALIBRATION,NA,Post-Measurement Calibration Check - Measured pH
tblFIELDCALIBRATION,CALIB,PROFILE_REVIEW,PROFILE_REVIEW,PROFILE,|Y,Profile form reviewed: Y
tblFIELDCALIBRATION,CALIB,QC_TIME,QC_TIME,CALIBRATION,NA,NA
tblFIELDCALIBRATION,CALIB,QCS_CHECK,QCS_CHECK,CALIBRATION,|Y|N,Quality control checked
tblFIELDCALIBRATION,CALIB,TEMP_SENSOR,TEMP_SENSOR,CALIBRATION,NA,Temperature Sensor Reading
tblFIELDCALIBRATION,CALIB,TEMP_SENSOR_2,TEMP_SENSOR_2,CALIBRATION,NA,Temperature sensor #2 reading
tblFIELDCALIBRATION,CALIB,TEMP_THERMOMETER,TEMP_THERMOMETER,CALIBRATION,NA,Temperature
tblFIELDCALIBRATION,CALIB,TEMP_THERMOMETER_2,TEMP_THERMOMETER_2,CALIBRATION,NA,Temperature #2
tblFISHCOLLECTION,FPLG,SAMPLE_ID,FPLG_SAMPLE_ID,TRACKING,NA,Number identifying the sample
tblFISHCOLLECTION,FTIS,COLLECTION_METHOD,FPLG_COLLECTION_METHOD,ECOFISH,|TRAWL|HOOK|SEINE|GILL|PURCHASED_DOCKSIDE|OTHER,NA
tblFISHCOLLECTION,FTIS,COLLECTION_METHOD_DESC,FPLG_COLLECTION_METHOD_DESC,ECOFISH,NA,NA
tblFISHCOLLECTION,FTIS,FISH_300,FTIS_FISH_300,ECOFISH,|N|Y,NA
tblFISHCOLLECTION,FTIS,FISH_SIZE,FTIS_FISH_SIZE,ECOFISH,|N|Y,Fish are all within 75% of the largest specimen
tblFISHCOLLECTION,FTIS,FISH_SPECIES,FTIS_FISH_SPECIES,ECOFISH,|N|Y,Fish are all within the same species?
tblFISHCOLLECTION,FTIS,FROM_FTIS,FPLG_FROM_FTIS,ECOFISH,NA,NA
tblFISHCOLLECTION,FTIS,FROZEN,FTIS_FROZEN,ECOFISH,|N|Y,Sample frozen?
tblFISHCOLLECTION,FTIS,LENGTH_1,FPLG_LENGTH_1,ECOFISH,NA,NA
tblFISHCOLLECTION,FTIS,LENGTH_2,FPLG_LENGTH_2,ECOFISH,NA,NA
tblFISHCOLLECTION,FTIS,NAME_SCI,FTIS_NAME_SCI,ECOFISH,NA,Scientific name of fish
tblFISHCOLLECTION,FTIS,NOT_COLLECTED,FTIS_NOT_COLLECTED,ECOFISH,|N|Y,Sample was NOT taken at this site (Y= sample was not taken)
tblFISHCOLLECTION,FTIS,PRIM_GILL_SOAK,EINF_PRIM_GILL_SOAK,ECOFISH,|N|Y,Was net soaked overnight?
tblFISHCOLLECTION,FTIS,SAMPLE_ID,FTIS_SAMPLE_ID,TRACKING,NA,Number identifying the sample
tblFISHCOLLECTION,FTIS,SEC_GILL_SOAK,EINF_SEC_GILL_SOAK,ECOFISH,|N|Y,Was net soaked overnight?
tblFISHCOLLECTION,FTIS,TTL_LENGTH,FTIS_TTL_LENGTH,ECOFISH,NA,Total Length (mm)
tblFISHCOLLECTION,FTIS,WEIGHT_1,FPLG_WEIGHT_1,ECOFISH,NA,NA
tblFISHCOLLECTION,FTIS,WEIGHT_2,FPLG_WEIGHT_2,ECOFISH,NA,NA
tblFISHCOLLECTION,HTIS,FISH_SIZE,HTIS_FISH_SIZE,ECOFISH,|N|Y,Fish are all within 75% of the largest specimen
tblFISHCOLLECTION,HTIS,FISH_SPECIES,HTIS_FISH_SPECIES,ECOFISH,|N|Y,Fish are all within the same species?
tblFISHCOLLECTION,HTIS,FROZEN,HTIS_FROZEN,ECOFISH,|N|Y,Sample frozen?
tblFISHCOLLECTION,HTIS,NAME_SCI,HTIS_NAME_SCI,ECOFISH,NA,Scientific name of fish
tblFISHCOLLECTION,HTIS,NOT_COLLECTED,HTIS_NOT_COLLECTED,ECOFISH,|N|Y,Sample was NOT taken at this site (Y= sample was not taken)
tblFISHCOLLECTION,HTIS,SAMPLE_ID,HTIS_SAMPLE_ID,TRACKING,NA,Number identifying the sample
tblFISHCOLLECTION,HTIS,TTL_LENGTH,HTIS_TTL_LENGTH,ECOFISH,NA,Total Length (mm)
tblFISHINFO,FISH,FISH_CREW_LEAD,FISH_CREW_LEAD,ECOFISH,NA,Name of fish crew leader
tblFISHINFO,FISH,FISH_CREW_ORG,FISH_CREW_ORG,ECOFISH,NA,Name of fish crew Organization
tblFISHINFO,FISH,FISH_SAME_CREW,FISH_SAME_CREW,ECOFISH,|N|Y,Is fishing crew same as other sampling crew
tblFISHINFO,FISH,PRIM_TRAWL_END_TIME_1,PRIM_TRAWL_END_TIME_1,ECOFISH,NA,End time of primary trawl pass 1
tblFISHINFO,FISH,PRIM_TRAWL_END_TIME_2,PRIM_TRAWL_END_TIME_2,ECOFISH,NA,End time of primary trawl pass 2
tblFISHINFO,FISH,PRIM_TRAWL_END_TIME_3,PRIM_TRAWL_END_TIME_3,ECOFISH,NA,End time of primary trawl pass 3
tblFISHINFO,FISH,PRIM_TRAWL_END_TIME_4,PRIM_TRAWL_END_TIME_4,ECOFISH,NA,End time of primary trawl pass 4
tblFISHINFO,FISH,PRIM_TRAWL_END_TIME_5,PRIM_TRAWL_END_TIME_5,ECOFISH,NA,End time of primary trawl pass 5
tblFISHINFO,FISH,PRIM_TRAWL_START_TIME_1,PRIM_TRAWL_START_TIME_1,ECOFISH,NA,Start time of primary trawl pass 1
tblFISHINFO,FISH,PRIM_TRAWL_START_TIME_2,PRIM_TRAWL_START_TIME_2,ECOFISH,NA,Start time of primary trawl pass 2
tblFISHINFO,FISH,PRIM_TRAWL_START_TIME_3,PRIM_TRAWL_START_TIME_3,ECOFISH,NA,Start time of primary trawl pass 3
tblFISHINFO,FISH,PRIM_TRAWL_START_TIME_4,PRIM_TRAWL_START_TIME_4,ECOFISH,NA,Start time of primary trawl pass 4
tblFISHINFO,FISH,PRIM_TRAWL_START_TIME_5,PRIM_TRAWL_START_TIME_5,ECOFISH,NA,Start time of primary trawl pass 5
tblFISHINFO,FTIS,ACTUAL_DATE,EINF_ACTUAL_DATE,ECOFISH,NA,Actual date of contact with ESA species
tblFISHINFO,FTIS,EINF_PRIM_TRAWL_END_TIME_1,EINF_PRIM_TRAWL_END_TIME_1,ECOFISH,NA,End time of primary trawl pass 1
tblFISHINFO,FTIS,EINF_PRIM_TRAWL_END_TIME_2,EINF_PRIM_TRAWL_END_TIME_2,ECOFISH,NA,End time of primary trawl pass 2
tblFISHINFO,FTIS,EINF_PRIM_TRAWL_END_TIME_3,EINF_PRIM_TRAWL_END_TIME_3,ECOFISH,NA,End time of primary trawl pass 3
tblFISHINFO,FTIS,EINF_PRIM_TRAWL_END_TIME_4,EINF_PRIM_TRAWL_END_TIME_4,ECOFISH,NA,End time of primary trawl pass 4
tblFISHINFO,FTIS,EINF_PRIM_TRAWL_END_TIME_5,EINF_PRIM_TRAWL_END_TIME_5,ECOFISH,NA,End time of primary trawl pass 5
tblFISHINFO,FTIS,EINF_PRIM_TRAWL_START_TIME_1,EINF_PRIM_TRAWL_START_TIME_1,ECOFISH,NA,Start time of primary trawl pass 1
tblFISHINFO,FTIS,EINF_PRIM_TRAWL_START_TIME_2,EINF_PRIM_TRAWL_START_TIME_2,ECOFISH,NA,Start time of primary trawl pass 2
tblFISHINFO,FTIS,EINF_PRIM_TRAWL_START_TIME_3,EINF_PRIM_TRAWL_START_TIME_3,ECOFISH,NA,Start time of primary trawl pass 3
tblFISHINFO,FTIS,EINF_PRIM_TRAWL_START_TIME_4,EINF_PRIM_TRAWL_START_TIME_4,ECOFISH,NA,Start time of primary trawl pass 4
tblFISHINFO,FTIS,EINF_PRIM_TRAWL_START_TIME_5,EINF_PRIM_TRAWL_START_TIME_5,ECOFISH,NA,Start time of primary trawl pass 5
tblFISHINFO,FTIS,GILL_CAUGHT,EINF_GILL_CAUGHT,ECOFISH,|CAUGHT_TARGET|FAILED_TARGET|FAILED_FISH,NA
tblFISHINFO,FTIS,GILL_END_TIME,EINF_GILL_END_TIME,ECOFISH,NA,NA
tblFISHINFO,FTIS,GILL_HEIGHT,EINF_GILL_HEIGHT,ECOFISH,NA,NA
tblFISHINFO,FTIS,GILL_LENGTH,EINF_GILL_LENGTH,ECOFISH,NA,NA
tblFISHINFO,FTIS,GILL_MESH,EINF_GILL_MESH,ECOFISH,NA,NA
tblFISHINFO,FTIS,GILL_OPEN_1,EINF_GILL_OPEN_1,ECOFISH,NA,NA
tblFISHINFO,FTIS,GILL_OPEN_2,EINF_GILL_OPEN_2,ECOFISH,NA,NA
tblFISHINFO,FTIS,GILL_START_TIME,EINF_GILL_START_TIME,ECOFISH,NA,NA
tblFISHINFO,FTIS,GILL_ZONE,EINF_GILL_ZONE,ECOFISH,|500|1000|500-1000,NA
tblFISHINFO,FTIS,HOOK_CAUGHT,EINF_HOOK_CAUGHT,ECOFISH,|CAUGHT_TARGET|FAILED_TARGET|FAILED_FISH,NA
tblFISHINFO,FTIS,HOOK_END_TIME,EINF_HOOK_END_TIME,ECOFISH,NA,NA
tblFISHINFO,FTIS,HOOK_GEAR,EINF_HOOK_GEAR,ECOFISH,NA,NA
tblFISHINFO,FTIS,HOOK_START_TIME,EINF_HOOK_START_TIME,ECOFISH,NA,NA
tblFISHINFO,FTIS,HOOK_ZONE,EINF_HOOK_ZONE,ECOFISH,|500|1000|500-1000,NA
tblFISHINFO,FTIS,LAT_DD,EINF_LAT_DD,ECOFISH,NA,Latitude of ESA species contact
tblFISHINFO,FTIS,LON_DD,EINF_LON_DD,ECOFISH,NA,Longitude of ESA species contact
tblFISHINFO,FTIS,OTHER_CAUGHT,EINF_OTHER_CAUGHT,ECOFISH,|CAUGHT_TARGET|FAILED_TARGET|FAILED_FISH,NA
tblFISHINFO,FTIS,OTHER_END_TIME,EINF_OTHER_END_TIME,ECOFISH,NA,NA
tblFISHINFO,FTIS,OTHER_FISH_METHOD,EINF_OTHER_FISH_METHOD,ECOFISH,NA,NA
tblFISHINFO,FTIS,OTHER_GEAR,EINF_OTHER_GEAR,ECOFISH,NA,NA
tblFISHINFO,FTIS,OTHER_START_TIME,EINF_OTHER_START_TIME,ECOFISH,NA,NA
tblFISHINFO,FTIS,OTHER_ZONE,EINF_OTHER_ZONE,ECOFISH,|500|1000|500-1000,NA
tblFISHINFO,FTIS,PRIM_GILL_END_TIME,EINF_PRIM_GILL_END_TIME,ECOFISH,NA,NA
tblFISHINFO,FTIS,PRIM_GILL_HEIGHT,EINF_PRIM_GILL_HEIGHT,ECOFISH,NA,NA
tblFISHINFO,FTIS,PRIM_GILL_LENGTH,EINF_PRIM_GILL_LENGTH,ECOFISH,NA,NA
tblFISHINFO,FTIS,PRIM_GILL_MESH,EINF_PRIM_GILL_MESH,ECOFISH,NA,NA
tblFISHINFO,FTIS,PRIM_GILL_START_TIME,EINF_PRIM_GILL_START_TIME,ECOFISH,NA,NA
tblFISHINFO,FTIS,PRIM_SEINE_END_TIME,EINF_PRIM_SEINE_END_TIME,ECOFISH,NA,End time of primary ecofish seining
tblFISHINFO,FTIS,PRIM_SEINE_HEIGHT,EINF_PRIM_SEINE_HEIGHT,ECOFISH,NA,Height of primary ecofish seine net in meters
tblFISHINFO,FTIS,PRIM_SEINE_LENGTH,EINF_PRIM_SEINE_LENGTH,ECOFISH,NA,Length of primary ecofish seine net in meters
tblFISHINFO,FTIS,PRIM_SEINE_MESH,EINF_PRIM_SEINE_MESH,ECOFISH,NA,Mesh size of primary ecofish seine net in cm
tblFISHINFO,FTIS,PRIM_SEINE_START_TIME,EINF_PRIM_SEINE_START_TIME,ECOFISH,NA,Start time of primary ecofish seining
tblFISHINFO,FTIS,PRIM_TRAWL_MESH,EINF_PRIM_TRAWL_MESH,ECOFISH,NA,Trawling mesh size
tblFISHINFO,FTIS,PRIM_TRAWL_OPEN_1,EINF_PRIM_TRAWL_OPEN_1,ECOFISH,NA,NA
tblFISHINFO,FTIS,PRIM_TRAWL_OPEN_2,EINF_PRIM_TRAWL_OPEN_2,ECOFISH,NA,NA
tblFISHINFO,FTIS,SEC_GILL_END_TIME,EINF_SEC_GILL_END_TIME,ECOFISH,NA,End time of secondary ecofish gill netting
tblFISHINFO,FTIS,SEC_GILL_HEIGHT,EINF_SEC_GILL_HEIGHT,ECOFISH,NA,Height of secondary ecofish gill net in meters
tblFISHINFO,FTIS,SEC_GILL_LENGTH,EINF_SEC_GILL_LENGTH,ECOFISH,NA,Length of secondary ecofish gill net in meters
tblFISHINFO,FTIS,SEC_GILL_MESH,EINF_SEC_GILL_MESH,ECOFISH,NA,Mesh size of secondary ecofish gill net in cm
tblFISHINFO,FTIS,SEC_GILL_START_TIME,EINF_SEC_GILL_START_TIME,ECOFISH,NA,Start time of secondary ecofish gill netting
tblFISHINFO,FTIS,SEC_SEINE_END_TIME,EINF_SEC_SEINE_END_TIME,ECOFISH,NA,End time of secondary ecofish seining
tblFISHINFO,FTIS,SEC_SEINE_HEIGHT,EINF_SEC_SEINE_HEIGHT,ECOFISH,NA,Height of secondary ecofish seine net in meters
tblFISHINFO,FTIS,SEC_SEINE_LENGTH,EINF_SEC_SEINE_LENGTH,ECOFISH,NA,Length of secondary ecofish seine net in meters
tblFISHINFO,FTIS,SEC_SEINE_MESH,EINF_SEC_SEINE_MESH,ECOFISH,NA,Mesh size of secondary ecofish seine net in cm
tblFISHINFO,FTIS,SEC_SEINE_START_TIME,EINF_SEC_SEINE_START_TIME,ECOFISH,NA,Start time of secondary ecofish seining
tblFISHINFO,FTIS,SEC_TRAWL_END_TIME_1,EINF_SEC_TRAWL_END_TIME_1,ECOFISH,NA,End time of secondary trawl pass 1
tblFISHINFO,FTIS,SEC_TRAWL_END_TIME_2,EINF_SEC_TRAWL_END_TIME_2,ECOFISH,NA,End time of secondary trawl pass 2
tblFISHINFO,FTIS,SEC_TRAWL_END_TIME_3,EINF_SEC_TRAWL_END_TIME_3,ECOFISH,NA,End time of secondary trawl pass 3
tblFISHINFO,FTIS,SEC_TRAWL_END_TIME_4,EINF_SEC_TRAWL_END_TIME_4,ECOFISH,NA,End time of secondary trawl pass 4
tblFISHINFO,FTIS,SEC_TRAWL_END_TIME_5,EINF_SEC_TRAWL_END_TIME_5,ECOFISH,NA,End time of secondary trawl pass 5
tblFISHINFO,FTIS,SEC_TRAWL_MESH,EINF_SEC_TRAWL_MESH,ECOFISH,NA,Mesh size of secondary trawl net in cm
tblFISHINFO,FTIS,SEC_TRAWL_OPEN_1,EINF_SEC_TRAWL_OPEN_1,ECOFISH,NA,NA
tblFISHINFO,FTIS,SEC_TRAWL_OPEN_2,EINF_SEC_TRAWL_OPEN_2,ECOFISH,NA,NA
tblFISHINFO,FTIS,SEC_TRAWL_START_TIME_1,EINF_SEC_TRAWL_START_TIME_1,ECOFISH,NA,Start time of secondary trawl pass 1
tblFISHINFO,FTIS,SEC_TRAWL_START_TIME_2,EINF_SEC_TRAWL_START_TIME_2,ECOFISH,NA,Start time of secondary trawl pass 2
tblFISHINFO,FTIS,SEC_TRAWL_START_TIME_3,EINF_SEC_TRAWL_START_TIME_3,ECOFISH,NA,Start time of secondary trawl pass 3
tblFISHINFO,FTIS,SEC_TRAWL_START_TIME_4,EINF_SEC_TRAWL_START_TIME_4,ECOFISH,NA,Start time of secondary trawl pass 4
tblFISHINFO,FTIS,SEC_TRAWL_START_TIME_5,EINF_SEC_TRAWL_START_TIME_5,ECOFISH,NA,Start time of secondary trawl pass 5
tblFISHINFO,FTIS,SEINE_CAUGHT,EINF_SEINE_CAUGHT,ECOFISH,|CAUGHT_TARGET|FAILED_TARGET|FAILED_FISH,NA
tblFISHINFO,FTIS,SEINE_END_TIME,EINF_SEINE_END_TIME,ECOFISH,NA,NA
tblFISHINFO,FTIS,SEINE_HEIGHT,EINF_SEINE_HEIGHT,ECOFISH,NA,NA
tblFISHINFO,FTIS,SEINE_LENGTH,EINF_SEINE_LENGTH,ECOFISH,NA,NA
tblFISHINFO,FTIS,SEINE_MESH,EINF_SEINE_MESH,ECOFISH,NA,NA
tblFISHINFO,FTIS,SEINE_OPEN_1,EINF_SEINE_OPEN_1,ECOFISH,NA,NA
tblFISHINFO,FTIS,SEINE_OPEN_2,EINF_SEINE_OPEN_2,ECOFISH,NA,NA
tblFISHINFO,FTIS,SEINE_START_TIME,EINF_SEINE_START_TIME,ECOFISH,NA,NA
tblFISHINFO,FTIS,SEINE_ZONE,EINF_SEINE_ZONE,ECOFISH,|500|1000|500-1000,NA
tblFISHINFO,FTIS,TRAWL_CAUGHT,EINF_TRAWL_CAUGHT,ECOFISH,|CAUGHT_TARGET|FAILED_TARGET|FAILED_FISH,NA
tblFISHINFO,FTIS,TRAWL_END_TIME,EINF_TRAWL_END_TIME,ECOFISH,NA,NA
tblFISHINFO,FTIS,TRAWL_LOCATION,EINF_TRAWL_LOCATION,ECOFISH,|BOTTOM_TRAWL|BOTTOM_TRAWL|MID_WATER|MID_WATER_TRAWL,NA
tblFISHINFO,FTIS,TRAWL_MESH,EINF_TRAWL_MESH,ECOFISH,NA,NA
tblFISHINFO,FTIS,TRAWL_OPEN_1,EINF_TRAWL_OPEN_1,ECOFISH,NA,NA
tblFISHINFO,FTIS,TRAWL_OPEN_2,EINF_TRAWL_OPEN_2,ECOFISH,NA,NA
tblFISHINFO,FTIS,TRAWL_START_TIME,EINF_TRAWL_START_TIME,ECOFISH,NA,NA
tblFISHINFO,FTIS,TRAWL_ZONE,EINF_TRAWL_ZONE,ECOFISH,|500|1000|500-1000,NA
tblFISHINFO,HTIS,ACTUAL_DATE,HINF_ACTUAL_DATE,ECOFISH,NA,Actual date of contact with ESA species
tblFISHINFO,HTIS,LAT_DD,HINF_LAT_DD,ECOFISH,NA,Latitude of ESA species contact
tblFISHINFO,HTIS,LON_DD,HINF_LON_DD,ECOFISH,NA,Longitude of ESA species contact
tblFISHINFO,HTIS,OTHER_CAUGHT,HINF_OTHER_CAUGHT,ECOFISH,|CAUGHT_TARGET|FAILED_TARGET|FAILED_FISH,NA
tblFISHINFO,HTIS,OTHER_END_TIME,HINF_OTHER_END_TIME,ECOFISH,NA,NA
tblFISHINFO,HTIS,OTHER_GEAR,HINF_OTHER_GEAR,ECOFISH,NA,NA
tblFISHINFO,HTIS,OTHER_START_TIME,HINF_OTHER_START_TIME,ECOFISH,NA,NA
tblFISHINFO,HTIS,OTHER_ZONE,HINF_OTHER_ZONE,ECOFISH,|500|500-1000|1000|1000-1500|1500,NA
tblFISHINFO,HTIS,TRAWL_CAUGHT,HINF_TRAWL_CAUGHT,ECOFISH,|CAUGHT_TARGET|FAILED_TARGET|FAILED_FISH,NA
tblFISHINFO,HTIS,TRAWL_END_TIME,HINF_TRAWL_END_TIME,ECOFISH,NA,NA
tblFISHINFO,HTIS,TRAWL_LOCATION,HINF_TRAWL_LOCATION,ECOFISH,|BOTTOM_TRAWL|BOTTOM_TRAWL|MID_WATER|MID_WATER_TRAWL,NA
tblFISHINFO,HTIS,TRAWL_MESH,HINF_TRAWL_MESH,ECOFISH,NA,NA
tblFISHINFO,HTIS,TRAWL_OPEN_1,HINF_TRAWL_OPEN_1,ECOFISH,NA,NA
tblFISHINFO,HTIS,TRAWL_OPEN_2,HINF_TRAWL_OPEN_2,ECOFISH,NA,NA
tblFISHINFO,HTIS,TRAWL_START_TIME,HINF_TRAWL_START_TIME,ECOFISH,NA,NA
tblFISHINFO,HTIS,TRAWL_ZONE,HINF_TRAWL_ZONE,ECOFISH,|500|500-1000|1000|1000-1500|1500,NA
tblHABITAT,SHAB,BOTTOM_TYPE,BOTTOM_TYPE,VERIFICATION,|CORAL|OYSTER_BED|GRASS_BED|SAND|ROCKY|HARDPAN|MUD|OTHER,Bottom substrate type
tblHABITAT,SHAB,HABITAT,HABITAT,VERIFICATION,|TIDAL|OPEN_WATER|MARSH_WETLAND|EMBAYMENT|INTER_TIDAL|RIVERMOUTH|OTHER,Habitat type
tblHABITAT,SHAB,MACRO_ABUNDANCE,MACRO_ABUNDANCE,VERIFICATION,|DENSE|MODERATE|SPARSE|OTHER,Description of Macro abundance
tblHABITAT,SHAB,MACROALGAE,MACROALGAE,VERIFICATION,|Y|N,Macroalgae present: Y/N
tblHABITAT,SHAB,MARINE_DEBRIS,MARINE_DEBRIS,VERIFICATION,|Y|N,Is marine debris present: Y/N
tblHABITAT,SHAB,MARINE_DEBRIS_TYPE,MARINE_DEBRIS_TYPE,VERIFICATION,|GLASS|PLASTIC|WOOD|CANS|OTHER,Type of debris if present
tblHABITAT,SHAB,SAV,SAV,VERIFICATION,|Y|N,Submerged aquatic vegetation present: Y/N
tblHABITAT,SHAB,SAV_ABUNDANCE,SAV_ABUNDANCE,VERIFICATION,|DENSE|MODERATE|SPARSE|OTHER,Description of submerged aquatic vegetation
tblHYDROPROF,HYDRO,CABLE_LENGTH,CABLE_LENGTH,PROFILE,NA,Length of sonde cable in meters
tblHYDROPROF,HYDRO,CAST,CAST,PROFILE,|UPCAST|UP|DOWNCAST|DOWN,Line cast direction (UP/DOWN)
tblHYDROPROF,HYDRO,CONDUCTIVITY,CONDUCTIVITY,PROFILE,NA,Conductivity
tblHYDROPROF,HYDRO,DEPTH,DEPTH,PROFILE,NA,Depth at increment
tblHYDROPROF,HYDRO,DO,DO,PROFILE,NA,Dissolved Oxygen
tblHYDROPROF,HYDRO,EFILE,EFILE,PROFILE,|Y,NA
tblHYDROPROF,HYDRO,LIGHT_AMB,LIGHT_AMB,PROFILE,NA,Ambient light
tblHYDROPROF,HYDRO,LIGHT_UW,LIGHT_UW,PROFILE,NA,Light UW
tblHYDROPROF,HYDRO,NOT_IN_DATABASE,NOT_IN_DATABASE,PROFILE,NA,NA
tblHYDROPROF,HYDRO,PH,PH,PROFILE,NA,Water pH
tblHYDROPROF,HYDRO,SALINITY,SALINITY,PROFILE,NA,Salinity
tblHYDROPROF,HYDRO,STATION_DEPTH,STATION_DEPTH,PROFILE,NA,NA
tblHYDROPROF,HYDRO,TEMPERATURE,TEMPERATURE,PROFILE,NA,Water temperature
tblLABRESULTS,FTIS,ARRIVAL_TEMP,NA,NA,NA,Temperature of sample upon arrival at the laboratory
tblLABRESULTS,FTIS,CONDITION_CODE,NA,NA,NA,Condition code of sample upon arrival in the lab
tblLABRESULTS,FTIS,DILUTION,NA,NA,NA,Sample dilution factor (if needed)
tblLABRESULTS,FTIS,FISH_CODE,NA,NA,NA,Code used to describe composite sample upon arrival at lab. SP = not all specimens are of the same species; LE = Nat all specimen lengths are within 75% of longest fish; NS = Specimen number is fewer than minimum of 5 or great than maximum of 20; WT = Mass of all specimens combined does not meet minimum of 500 grams; LL = Longest fish exceeds 400 mm Maximum length; LS = shortest fish is below 100 mm minimum length; Q = other fish composiste quality concern not identified above.
tblLABRESULTS,FTIS,INSTRUMENT,NA,NA,NA,Unique identifier of instrument that was used to analyze the sample
tblLABRESULTS,FTIS,METHOD,NA,NA,NA,EPA method (or other method) used to analyze the sample
tblLABRESULTS,FTIS,NUMBER_FISH,NA,NA,NA,Identification number of fish in composite
tblLABRESULTS,FTIS,RL,NA,NA,NA,Laboratory reporting limit
tblLABRESULTS,FTIS,SAMPLE_CLASS,NA,NA,NA,Routine or non-routine; see FISH_CODES for descriptoins of any non-routine composites
tblLABRESULTS,FTIS,SAMPLE_WT,NA,NA,NA,Total mass of all specimens in composite
tblRAWBENT,BENT,ANALYST_NAME,NA,NA,NA,Name of taxonomist
tblRAWBENT,BENT,DENSITY,NA,NA,NA,Density of taxon in sample
tblRAWBENT,BENT,INVASIVE,NA,NA,NA,Invasive species (Y|blank)
tblSAMPLES,ALKT,CHILLED,ALKT_CHILLED,SAMPLES,|Y,Has the sample been chilled?
tblSAMPLES,ALKT,NOT_COLLECTED,ALKT_NOT_COLLECTED,SAMPLES,|Y,Sample was NOT taken
tblSAMPLES,ALKT,SALINITY,ALKT_SALINITY,SAMPLES,NA,Field measured salinity
tblSAMPLES,ALKT,SAMPLE_ID,ALKT_SAMPLE_ID,TRACKING,NA,Sample ID of alkalinity sample
tblSAMPLES,ALKT,TIME_COLLECTED,ALKT_TIME_COLLECTED,SAMPLES,NA,Time sample was collected
tblSAMPLES,BENT,ACTUAL_DATE,NOT_IN_APP,NOT_IN_APP,NA,Actual date of sample
tblSAMPLES,BENT,BENTHIC_DISTANCE,BENTHIC_DISTANCE,SAMPLES,|37|37-100|100-500,Benthic collection location
tblSAMPLES,BENT,COLOR,BENT_COLOR,SAMPLES,|BLACK|BROWN|LT_BROWN|DK_BROWN|GRAY|OTHER,Sediment description:color
tblSAMPLES,BENT,DEPTH,BENT_DEPTH,SAMPLES,NA,Depth of grab(s)
tblSAMPLES,BENT,FAUNA_TYPE,BENT_FAUNA_TYPE,SAMPLES,NA,Type of visible fauna
tblSAMPLES,BENT,FLORA_TYPE,BENT_FLORA_TYPE,SAMPLES,NA,Type of visibal flora
tblSAMPLES,BENT,GRAB_AREA,BENT_GRAB_AREA,SAMPLES,NA,Size of the grab area (m2)
tblSAMPLES,BENT,GRAB_TYPE,BENT_GRAB_TYPE,SAMPLES,|STANDARD_PONAR|VAN_VEEN|OTHER,Type of grab tool for benthic infauna collection
tblSAMPLES,BENT,GRABS,BENT_GRABS,SAMPLES,|1|2,Number of grabs taken
tblSAMPLES,BENT,ITEM_NO,BENT_ITEM_NO,SAMPLES,NA,Number of jars collected
tblSAMPLES,BENT,NOT_COLLECTED,BENT_NOT_COLLECTED,SAMPLES,|Y,Sample was NOT taken
tblSAMPLES,BENT,NOT_EXPECTED,NOT_IN_APP,NOT_IN_APP,|Y|N,Sample not expected from this site.
tblSAMPLES,BENT,PRESERVED,BENT_PRESERVED,SAMPLES,|Y|N,Was the sample preserved?
tblSAMPLES,BENT,SAMPLE_ID,BENT_SAMPLE_ID,TRACKING,NA,Benthic sample id
tblSAMPLES,BENT,SIEVE_SIZE,BENT_SIEVE_SIZE,SAMPLES,|0.5|1.0,Sieve size
tblSAMPLES,BENT,SMELL,BENT_SMELL,SAMPLES,|FISHY|CHEMICAL|SULPHUR|NONE|OTHER,Sediment description:smell
tblSAMPLES,BENT,SUBSTRATE,BENT_SUBSTRATE,SAMPLES,|SAND|MUCK|GRAVEL|COBBLE|SHELLHASH|OTHER,Sediment description:substrate
tblSAMPLES,BENT,SURFACE,BENT_SURFACE,SAMPLES,|FILM|FLOC|NOTHING_NOTED|OTHER,Sediment description:surface
tblSAMPLES,BENT,VISIBLE_FAUNA,BENT_VISIBLE_FAUNA,SAMPLES,|Y|N,Is there visible fauna?
tblSAMPLES,BENT,VISIBLE_FLORA,BENT_VISIBLE_FLORA,SAMPLES,|Y|N,Is there visible flora?
tblSAMPLES,CHEM,CHILLED,CHEM_CHILLED,SAMPLES,|Y,Has the sample been chilled?
tblSAMPLES,CHEM,NOT_COLLECTED,CHEM_NOT_COLLECTED,SAMPLES,|Y,Sample was NOT taken
tblSAMPLES,CHEM,NOT_EXPECTED,NOT_IN_APP,NOT_IN_APP,|Y|N,Sample not expected from this site.
tblSAMPLES,CHEM,SAMPLE_ID,CHEM_SAMPLE_ID,TRACKING,NA,Water chemistry sample id
tblSAMPLES,CHEM,SAMPLE_REVIEW,SAMPLE_REVIEW,SAMPLES,|Y,Sample form reviewed: Y
tblSAMPLES,CHEM,SAMPLEP_REVIEW,SAMPLEP_REVIEW,SAMPLES,|Y,Sample processing form reviewed: Y
tblSAMPLES,D15N,FROZEN,D15N_FROZEN,SAMPLES,|Y,Has the sample been frozen?
tblSAMPLES,D15N,NOT_COLLECTED,D15N_NOT_COLLECTED,SAMPLES,|Y,Sample was NOT taken
tblSAMPLES,D15N,SAMPLE_ID,D15N_SAMPLE_ID,TRACKING,NA,Sample ID of Nitrogen isotope sample
tblSAMPLES,ENTE,ACTUAL_DATE,NOT_IN_APP,NOT_IN_APP,NA,Actual date of sample
tblSAMPLES,ENTE,BLANK_COLLECTED,ENTE_BLANK_COLLECTED,SAMPLES,|Y,Was there a blank collected?
tblSAMPLES,ENTE,BUFFER_RINSE_1,ENTE_BUFFER_RINSE_1,SAMPLES,NA,Volume Filter 3 (mL)
tblSAMPLES,ENTE,BUFFER_RINSE_2,ENTE_BUFFER_RINSE_2,SAMPLES,NA,Volume Filter 4 (mL)
tblSAMPLES,ENTE,DEPTH_COLLECTED,ENTE_DEPTH_COLLECTED,SAMPLES,NA,Depth of sample collected
tblSAMPLES,ENTE,FILTER_1,ENTE_FILTER_1,SAMPLES,NA,Volume Filter 1 (mL)
tblSAMPLES,ENTE,FILTER_2,ENTE_FILTER_2,SAMPLES,NA,Volume Filter 2 (mL)
tblSAMPLES,ENTE,FILTER_END_TIME,ENTE_FILTER_END_TIME,SAMPLES,NA,Filter end time
tblSAMPLES,ENTE,FILTER_START_TIME,ENTE_FILTER_START_TIME,SAMPLES,NA,Filter start time
tblSAMPLES,ENTE,ITEM_NO,NOT_IN_APP,NOT_IN_APP,NA,Number of jars collected
tblSAMPLES,ENTE,NOT_COLLECTED,ENTE_NOT_COLLECTED,SAMPLES,|Y,Sample was NOT taken
tblSAMPLES,ENTE,NOT_EXPECTED,NOT_IN_APP,NOT_IN_APP,|Y|N,Sample not expected from this site.
tblSAMPLES,ENTE,SAMPLE_ID,ENTE_SAMPLE_ID,TRACKING,NA,Enterococci sample id
tblSAMPLES,ENTE,TIME_COLLECTED,ENTE_TIME_COLLECTED,SAMPLES,NA,Time sample was collected
tblSAMPLES,ENTE,TIME_FROZEN,ENTE_TIME_FROZEN,SAMPLES,NA,Time sample was frozen
tblSAMPLES,FTIS,NOT_COLLECTED,FTIS_NOT_COLLECTED,SAMPLES,|Y,Sample was NOT taken
tblSAMPLES,HTIS,NOT_COLLECTED,HTIS_NOT_COLLECTED,SAMPLES,|Y,Sample was NOT taken
tblSAMPLES,MICX,ACTUAL_DATE,NOT_IN_APP,NOT_IN_APP,NA,Actual date of sample
tblSAMPLES,MICX,FROZEN,MICX_FROZEN,SAMPLES,|Y,NA
tblSAMPLES,MICX,ITEM_NO,NOT_IN_APP,NOT_IN_APP,NA,Number of jars collected
tblSAMPLES,MICX,NOT_COLLECTED,MICX_NOT_COLLECTED,SAMPLES,|Y,Sample was NOT taken
tblSAMPLES,MICX,NOT_EXPECTED,NOT_IN_APP,NOT_IN_APP,|Y,Sample not expected from this site.
tblSAMPLES,MICX,SAMPLE_ID,MICX_SAMPLE_ID,TRACKING,NA,Microcystin sample id
tblSAMPLES,MICZ,FROZEN,MICZ_FROZEN,SAMPLES,|Y,Has the sample been frozen?
tblSAMPLES,MICZ,NOT_COLLECTED,MICZ_NOT_COLLECTED,SAMPLES,|Y,Sample was NOT taken
tblSAMPLES,MICZ,SAMPLE_ID,MICZ_SAMPLE_ID,TRACKING,NA,MICZ sample id
tblSAMPLES,NUTS,CHILLED,NUTS_CHILLED,SAMPLES,|Y,Has the sample been chilled?
tblSAMPLES,NUTS,NOT_COLLECTED,NUTS_NOT_COLLECTED,SAMPLES,|Y,Sample was NOT taken
tblSAMPLES,NUTS,NOT_EXPECTED,NOT_IN_APP,NOT_IN_APP,|Y|N,Sample not expected from this site.
tblSAMPLES,NUTS,SAMPLE_ID,NUTS_SAMPLE_ID,TRACKING,NA,Nutrients sample id
tblSAMPLES,PHYT,DEPTH_COLLECTED,PHYT_DEPTH_COLLECTED,SAMPLES,NA,Depth of sample collected
tblSAMPLES,PHYT,ITEM_NO,NOT_IN_APP,NOT_IN_APP,NA,Number of jars collected
tblSAMPLES,PHYT,NOT_COLLECTED,PHYT_NOT_COLLECTED,SAMPLES,|Y,Sample was NOT taken
tblSAMPLES,PHYT,NOT_EXPECTED,NOT_IN_APP,NOT_IN_APP,|Y|N,Sample not expected from this site.
tblSAMPLES,PHYT,PRESERVED,PHYT_PRESERVED,SAMPLES,|Y|N,Has the sample been preserved?
tblSAMPLES,PHYT,SAMPLE_ID,PHYT_SAMPLE_ID,TRACKING,NA,Phytoplankton sample id
tblSAMPLES,PHYT,TIME_COLLECTED,PHYT_TIME_COLLECTED,SAMPLES,NA,Time sample was collected
tblSAMPLES,PHYT,TIME_PRESERVED,PHYT_TIME_PRESERVED,SAMPLES,NA,Time sample was preserved
tblSAMPLES,SEDC,ACTUAL_DATE,NOT_IN_APP,NOT_IN_APP,NA,Actual date of sample
tblSAMPLES,SEDC,FROZEN,SEDC_FROZEN,SAMPLES,|Y,Has the sample been frozen?
tblSAMPLES,SEDC,ITEM_NO,NOT_IN_APP,NOT_IN_APP,NA,Number of jars collected
tblSAMPLES,SEDC,NOT_COLLECTED,SEDC_NOT_COLLECTED,SAMPLES,|Y,Sample was NOT taken
tblSAMPLES,SEDC,NOT_EXPECTED,NOT_IN_APP,NOT_IN_APP,|Y|N,Sample not expected from this site.
tblSAMPLES,SEDC,SAMPLE_ID,SEDC_SAMPLE_ID,TRACKING,NA,Containiments sample id
tblSAMPLES,SEDG,ACTUAL_DATE,NOT_IN_APP,NOT_IN_APP,NA,Actual date of sample
tblSAMPLES,SEDG,CHILLED,SEDG_CHILLED,SAMPLES,|Y|N,Has the sample been chilled?
tblSAMPLES,SEDG,ITEM_NO,NOT_IN_APP,NOT_IN_APP,NA,Number of jars collected
tblSAMPLES,SEDG,NOT_COLLECTED,SEDG_NOT_COLLECTED,SAMPLES,|Y,Sample was NOT taken
tblSAMPLES,SEDG,NOT_EXPECTED,NOT_IN_APP,NOT_IN_APP,|Y|N,Sample not expected from this site.
tblSAMPLES,SEDG,SAMPLE_ID,SEDG_SAMPLE_ID,TRACKING,NA,Sediment grain sample id
tblSAMPLES,SEDO,ACTUAL_DATE,NOT_IN_APP,NOT_IN_APP,NA,Actual date of sample
tblSAMPLES,SEDO,FROZEN,SEDO_FROZEN,SAMPLES,|Y|N,Has the sample been frozen?
tblSAMPLES,SEDO,ITEM_NO,NOT_IN_APP,NOT_IN_APP,NA,Number of jars collected
tblSAMPLES,SEDO,NOT_COLLECTED,SEDO_NOT_COLLECTED,SAMPLES,|Y,Sample was NOT taken
tblSAMPLES,SEDO,NOT_EXPECTED,NOT_IN_APP,NOT_IN_APP,|Y|N,Sample not expected from this site.
tblSAMPLES,SEDO,SAMPLE_ID,SEDO_SAMPLE_ID,TRACKING,NA,Organic sediment sample id
tblSAMPLES,SEDX,ACTUAL_DATE,NOT_IN_APP,NOT_IN_APP,NA,Actual date of sample
tblSAMPLES,SEDX,CHILLED,SEDX_CHILLED,SAMPLES,|Y,Has the sample been chilled?
tblSAMPLES,SEDX,ITEM_NO,NOT_IN_APP,NOT_IN_APP,NA,Number of jars collected
tblSAMPLES,SEDX,NOT_COLLECTED,SEDX_NOT_COLLECTED,SAMPLES,|Y,Sample was NOT taken
tblSAMPLES,SEDX,NOT_EXPECTED,NOT_IN_APP,NOT_IN_APP,|Y|N,Sample not expected from this site.
tblSAMPLES,SEDX,SAMPLE_ID,SEDX_SAMPLE_ID,TRACKING,NA,Sediment toxicity sample id
tblSAMPLES,SEDX,SEDIMENT_DISTANCE,SEDX_SEDIMENT_DISTANCE,SAMPLES,|37|37-100|100-500,Distance from the x-site for sediment collection
tblSAMPLES,UVID,DEPTH_1,UVID_DEPTH_1,SAMPLES,NA,Depth of video 1
tblSAMPLES,UVID,DEPTH_2,UVID_DEPTH_2,SAMPLES,NA,Depth of video 2
tblSAMPLES,UVID,DEPTH_3,UVID_DEPTH_3,SAMPLES,NA,Depth of video 3
tblSAMPLES,UVID,DISTANCE_1,UVID_DISTANCE_1,SAMPLES,NA,Distance of video 1
tblSAMPLES,UVID,DISTANCE_2,UVID_DISTANCE_2,SAMPLES,NA,Distance of video 2
tblSAMPLES,UVID,DISTANCE_3,UVID_DISTANCE_3,SAMPLES,NA,Distance of video 3
tblSAMPLES,UVID,FILENAME_A_1,UVID_FILENAME_A_1,SAMPLES,NA,Filename of video 1 at location A
tblSAMPLES,UVID,FILENAME_A_2,UVID_FILENAME_A_2,SAMPLES,NA,Filename of video 2 at location A
tblSAMPLES,UVID,FILENAME_A_3,UVID_FILENAME_A_3,SAMPLES,NA,Filename of video 3 at location A
tblSAMPLES,UVID,FILENAME_B_1,UVID_FILENAME_B_1,SAMPLES,NA,Filename of video 1 at location B
tblSAMPLES,UVID,FILENAME_B_2,UVID_FILENAME_B_2,SAMPLES,NA,Filename of video 2 at location B
tblSAMPLES,UVID,FILENAME_B_3,UVID_FILENAME_B_3,SAMPLES,NA,Filename of video 3 at location B
tblSAMPLES,UVID,LAT_1,UVID_LAT_1,SAMPLES,NA,Latitude of video 1 location
tblSAMPLES,UVID,LAT_2,UVID_LAT_2,SAMPLES,NA,Latitude of video 2 location
tblSAMPLES,UVID,LAT_3,UVID_LAT_3,SAMPLES,NA,Latitude of video 3 location
tblSAMPLES,UVID,LON_1,UVID_LON_1,SAMPLES,NA,Longitude of video 1 location
tblSAMPLES,UVID,LON_2,UVID_LON_2,SAMPLES,NA,QQLongitude of video 2 locationQ
tblSAMPLES,UVID,LON_3,UVID_LON_3,SAMPLES,NA,Longitude of video 3 location
tblSAMPLES,UVID,NOT_COLLECTED,UVID_NOT_COLLECTED,SAMPLES,|Y,Sample was NOT taken
tblSAMPLES,UVID,NOT_EXPECTED,NOT_IN_APP,NOT_IN_APP,|Y|N,Sample not expected from this site.
tblSAMPLES,UVID,SITE2_DEPTH,NA,SAMPLES,NA,NA
tblSAMPLES,UVID,SITE2_DISTANCE,NA,SAMPLES,NA,NA
tblSAMPLES,UVID,SITE2_FILENAME_A,NA,SAMPLES,NA,NA
tblSAMPLES,UVID,SITE2_FILENAME_B,NA,SAMPLES,NA,NA
tblSAMPLES,UVID,SITE2_LAT,NA,SAMPLES,NA,NA
tblSAMPLES,UVID,SITE2_LON,NA,SAMPLES,NA,NA
tblSAMPLES,UVID,SITE2_TRANSFERRED_A,NA,SAMPLES,NA,NA
tblSAMPLES,UVID,SITE2_TRANSFERRED_B,NA,SAMPLES,NA,NA
tblSAMPLES,UVID,SITE3_DEPTH,NA,SAMPLES,NA,NA
tblSAMPLES,UVID,SITE3_DISTANCE,NA,SAMPLES,NA,NA
tblSAMPLES,UVID,SITE3_FILENAME_A,NA,SAMPLES,NA,NA
tblSAMPLES,UVID,SITE3_FILENAME_B,NA,SAMPLES,NA,NA
tblSAMPLES,UVID,SITE3_LAT,NA,SAMPLES,NA,NA
tblSAMPLES,UVID,SITE3_LON,NA,SAMPLES,NA,NA
tblSAMPLES,UVID,SITE3_TRANSFERRED_A,NA,SAMPLES,NA,NA
tblSAMPLES,UVID,SITE3_TRANSFERRED_B,NA,SAMPLES,NA,NA
tblSAMPLES,UVID,XSITE_DEPTH,NA,SAMPLES,NA,NA
tblSAMPLES,UVID,XSITE_DISTANCE,NA,SAMPLES,NA,NA
tblSAMPLES,WCHL,FROZEN,WCHL_FROZEN,SAMPLES,|Y|N,Was the sample frozen?
tblSAMPLES,WCHL,NOT_COLLECTED,WCHL_NOT_COLLECTED,SAMPLES,|Y,Sample was NOT taken
tblSAMPLES,WCHL,NOT_EXPECTED,NOT_IN_APP,NOT_IN_APP,|Y|N,Sample not expected from this site.
tblSAMPLES,WCHL,SAMPLE_ID,WCHL_SAMPLE_ID,TRACKING,NA,Chlorophyll sample id
tblSAMPLES,WCHL,VOLUME_FILTERED,WCHL_VOLUME_FILTERED,SAMPLES,NA,Volume filtered for sample
tblSECCHI,SECC,CLEAR_TO_BOTTOM,CLEAR_TO_BOTTOM,PROFILE,|Y|N,Secchi disk clear to bottom
tblSECCHI,SECC,DISAPPEARS,DISAPPEARS_1,PROFILE,NA,Depth secchi disappears
tblSECCHI,SECC,NARS_FLAG,NA,NA,NA,Flag assigned by NARS: NR = No result
tblSECCHI,SECC,REAPPEARS,REAPPEARS_1,PROFILE,NA,Depth secchi  reappears
tblSECCHI,SECC,SECCHI_TIME,SECCHI_TIME,PROFILE,NA,Time of secchi reading
tblSHIPPING,ALKT,AIRBILL,ALKT_AIRBILL,TRACKING,NA,Airbill for alkalinity sample
tblSHIPPING,ALKT,DATE_SENT,ALKT_DATE_SENT,TRACKING,NA,Date that alkalinity sample was sent
tblSHIPPING,ALKT,SENDER,ALKT_SENDER,TRACKING,NA,Sender name of alkalinity sample
tblSHIPPING,ALKT,SENDER_PHONE,ALKT_SENDER_PHONE,TRACKING,NA,Sender phone of alkalinity sample
tblSHIPPING,ALKT,SHIPPING_METHOD,ALKT_SHIPPING_METHOD,TRACKING,NA,Shipping method of alkalinity sample
tblSHIPPING,BENT,AIRBILL,BENT_AIRBILL,TRACKING,NA,Airbill for benthic shipment
tblSHIPPING,BENT,DATE_SENT,BENT_DATE_SENT,TRACKING,NA,Date of benthic shipment
tblSHIPPING,BENT,SENDER,BENT_SENDER,TRACKING,NA,Name of benthic shipment sender
tblSHIPPING,BENT,SENDER_PHONE,BENT_SENDER_PHONE,TRACKING,NA,Phone number of benthic shipment sender
tblSHIPPING,BENT,SHIPPING_METHOD,BENT_SHIPPING_METHOD,TRACKING,NA,Shipping method of benthic sample
tblSHIPPING,CHEM,AIRBILL,CHEM_AIRBILL,TRACKING,NA,Airbill for chemistry shipment
tblSHIPPING,CHEM,DATE_SENT,CHEM_DATE_SENT,TRACKING,NA,Date of chemistry shipment
tblSHIPPING,CHEM,SENDER,CHEM_SENDER,TRACKING,NA,Name of chemistry shipment sender
tblSHIPPING,CHEM,SENDER_PHONE,CHEM_SENDER_PHONE,TRACKING,NA,Phone number of chemistry shipment sender
tblSHIPPING,CHEM,SHIPPING_METHOD,CHEM_SHIPPING_METHOD,TRACKING,NA,Shipping method of chemistry sample
tblSHIPPING,D15N,AIRBILL,D15N_AIRBILL,TRACKING,NA,Airbill for Nitrogen isotope sample
tblSHIPPING,D15N,DATE_SENT,D15N_DATE_SENT,TRACKING,NA,Date that Nitrogen isotope sample was sent
tblSHIPPING,D15N,SENDER,D15N_SENDER,TRACKING,NA,Sender name of Nitrogen isotope sample
tblSHIPPING,D15N,SENDER_PHONE,D15N_SENDER_PHONE,TRACKING,NA,Sender phone of Nitrogen isotope sample
tblSHIPPING,D15N,SHIPPING_METHOD,D15N_SHIPPING_METHOD,TRACKING,NA,Shipping method of Nitrogen isotope sample
tblSHIPPING,ENTE,AIRBILL,ENTE_AIRBILL,TRACKING,NA,Airbill for enterococci shipment
tblSHIPPING,ENTE,DATE_SENT,ENTE_DATE_SENT,TRACKING,NA,Date of enterococci shipment
tblSHIPPING,ENTE,SENDER,ENTE_SENDER,TRACKING,NA,Name of enterococci shipment sender
tblSHIPPING,ENTE,SENDER_PHONE,ENTE_SENDER_PHONE,TRACKING,NA,Phone number of enterococci shipment sender
tblSHIPPING,ENTE,SHIPPING_METHOD,ENTE_SHIPPING_METHOD,TRACKING,NA,Shipping method of enterococci sample
tblSHIPPING,FPLG,DATE_SENT,FPLG_DATE_SENT,TRACKING,NA,Date sample shipped.
tblSHIPPING,FPLG,SENDER,FPLG_SENDER,TRACKING,NA,Sender.
tblSHIPPING,FPLG,SENDER_PHONE,FPLG_SENDER_PHONE,TRACKING,NA,Sender phone.
tblSHIPPING,FPLG,SHIPPING_METHOD,FPLG_SHIPPING_METHOD,TRACKING,NA,Shipping method: FEDEX/UPS/HAND DELIVERY
tblSHIPPING,FTIS,DATE_SENT,FTIS_DATE_SENT,TRACKING,NA,Date sample shipped.
tblSHIPPING,FTIS,SENDER,FTIS_SENDER,TRACKING,NA,Sender.
tblSHIPPING,FTIS,SENDER_PHONE,FTIS_SENDER_PHONE,TRACKING,NA,Sender phone.
tblSHIPPING,FTIS,SHIPPING_METHOD,FTIS_SHIPPING_METHOD,TRACKING,NA,Shipping method: FEDEX/UPS/HAND DELIVERY
tblSHIPPING,HTIS,DATE_SENT,HTIS_DATE_SENT,TRACKING,NA,Date sample shipped.
tblSHIPPING,HTIS,SENDER,HTIS_SENDER,TRACKING,NA,Sender.
tblSHIPPING,HTIS,SENDER_PHONE,HTIS_SENDER_PHONE,TRACKING,NA,Sender phone.
tblSHIPPING,HTIS,SHIPPING_METHOD,HTIS_SHIPPING_METHOD,TRACKING,NA,Shipping method: FEDEX/UPS/HAND DELIVERY
tblSHIPPING,MICX,AIRBILL,MICX_AIRBILL,TRACKING,NA,Airbill for microcystin shipment
tblSHIPPING,MICX,DATE_SENT,MICX_DATE_SENT,TRACKING,NA,Date of microcystin shipment
tblSHIPPING,MICX,SENDER,MICX_SENDER,TRACKING,NA,Name of microcystin shipment sender
tblSHIPPING,MICX,SENDER_PHONE,MICX_SENDER_PHONE,TRACKING,NA,Phone number of microcystin shipment sender
tblSHIPPING,MICX,SHIPPING_METHOD,MICX_SHIPPING_METHOD,TRACKING,NA,Shipping method of microcystin sample
tblSHIPPING,MICZ,AIRBILL,MICZ_AIRBILL,TRACKING,NA,Airbill for MICZ toxin shipment
tblSHIPPING,MICZ,DATE_SENT,MICZ_DATE_SENT,TRACKING,NA,Date of MICZ toxin shipment
tblSHIPPING,MICZ,SENDER,MICZ_SENDER,TRACKING,NA,Name of MICZ toxin shipment sender
tblSHIPPING,MICZ,SENDER_PHONE,MICZ_SENDER_PHONE,TRACKING,NA,Phone number of MICZ toxin shipment sender
tblSHIPPING,MICZ,SHIPPING_METHOD,MICZ_SHIPPING_METHOD,TRACKING,NA,Shipping method of MICZ toxin sample
tblSHIPPING,NUTS,AIRBILL,NUTS_AIRBILL,TRACKING,NA,Airbill for nutrients shipment
tblSHIPPING,NUTS,DATE_SENT,NUTS_DATE_SENT,TRACKING,NA,Date of nutrients shipment
tblSHIPPING,NUTS,SENDER,NUTS_SENDER,TRACKING,NA,Name of nutrients shipment sender
tblSHIPPING,NUTS,SENDER_PHONE,NUTS_SENDER_PHONE,TRACKING,NA,Phone number of nutrients shipment sender
tblSHIPPING,NUTS,SHIPPING_METHOD,NUTS_SHIPPING_METHOD,TRACKING,NA,Shipping method of nutrients sample
tblSHIPPING,PHYT,AIRBILL,PHYT_AIRBILL,TRACKING,NA,Airbill for phytoplankton shipment
tblSHIPPING,PHYT,DATE_SENT,PHYT_DATE_SENT,TRACKING,NA,Date of phytoplankton shipment
tblSHIPPING,PHYT,SENDER,PHYT_SENDER,TRACKING,NA,Name of phytoplankton shipment sender
tblSHIPPING,PHYT,SENDER_PHONE,PHYT_SENDER_PHONE,TRACKING,NA,Phone number of phytoplankton shipment sender
tblSHIPPING,PHYT,SHIPPING_METHOD,PHYT_SHIPPING_METHOD,TRACKING,NA,Shipping method of phytoplankton sample
tblSHIPPING,SEDC,AIRBILL,SEDC_AIRBILL,TRACKING,NA,Airbill for sediment toc shipment
tblSHIPPING,SEDC,DATE_SENT,SEDC_DATE_SENT,TRACKING,NA,Date of sediment toc shipment
tblSHIPPING,SEDC,SENDER,SEDC_SENDER,TRACKING,NA,Name of sediment toc shipment sender
tblSHIPPING,SEDC,SENDER_PHONE,SEDC_SENDER_PHONE,TRACKING,NA,Phone number of sediment toc shipment sender
tblSHIPPING,SEDC,SHIPPING_METHOD,SEDC_SHIPPING_METHOD,TRACKING,NA,Shipping method of sediment toc sample
tblSHIPPING,SEDG,AIRBILL,SEDG_AIRBILL,TRACKING,NA,Airbill for sediment grain shipment
tblSHIPPING,SEDG,DATE_SENT,SEDG_DATE_SENT,TRACKING,NA,Date of sediment grain shipment
tblSHIPPING,SEDG,SENDER,SEDG_SENDER,TRACKING,NA,Name of sediment grain shipment sender
tblSHIPPING,SEDG,SENDER_PHONE,SEDG_SENDER_PHONE,TRACKING,NA,Phone number of sediment grain shipment sender
tblSHIPPING,SEDG,SHIPPING_METHOD,SEDG_SHIPPING_METHOD,TRACKING,NA,Shipping method of sediment grain sample
tblSHIPPING,SEDO,AIRBILL,SEDO_AIRBILL,TRACKING,NA,Airbill for organic sediment shipment
tblSHIPPING,SEDO,DATE_SENT,SEDO_DATE_SENT,TRACKING,NA,Date of organic sediment shipment
tblSHIPPING,SEDO,SENDER,SEDO_SENDER,TRACKING,NA,Name of organic sediment shipment sender
tblSHIPPING,SEDO,SENDER_PHONE,SEDO_SENDER_PHONE,TRACKING,NA,Phone number of organic sediment shipment sender
tblSHIPPING,SEDO,SHIPPING_METHOD,SEDO_SHIPPING_METHOD,TRACKING,NA,Shipping method of organic sediment sample
tblSHIPPING,SEDX,AIRBILL,SEDX_AIRBILL,TRACKING,NA,Airbill for sediment toxicity shipment
tblSHIPPING,SEDX,DATE_SENT,SEDX_DATE_SENT,TRACKING,NA,Date of sediment toxicity shipment
tblSHIPPING,SEDX,SENDER,SEDX_SENDER,TRACKING,NA,Name of sediment toxicity shipment sender
tblSHIPPING,SEDX,SENDER_PHONE,SEDX_SENDER_PHONE,TRACKING,NA,Phone number of sediment toxicity shipment sender
tblSHIPPING,SEDX,SHIPPING_METHOD,SEDX_SHIPPING_METHOD,TRACKING,NA,Shipping method of sediment toxicity sample
tblSHIPPING,WCHL,AIRBILL,WCHL_AIRBILL,TRACKING,NA,Airbill for chlorophyll shipment
tblSHIPPING,WCHL,DATE_SENT,WCHL_DATE_SENT,TRACKING,NA,Date of chlorophyll shipment
tblSHIPPING,WCHL,SENDER,WCHL_SENDER,TRACKING,NA,Name of chlorophyll shipment sender
tblSHIPPING,WCHL,SENDER_PHONE,WCHL_SENDER_PHONE,TRACKING,NA,Phone number of chlorophyll shipment sender
tblSHIPPING,WCHL,SHIPPING_METHOD,WCHL_SHIPPING_METHOD,TRACKING,NA,Shipping method of chlorophyll sample
tblTRACKING,ALKT,IN_SHIPMENT,ALKT_IN_SHIPMENT,TRACKING,NA,Was alkalinity sample sent in the shipment
tblTRACKING,ALKT,LAB,ALKT_LAB,TRACKING,NA,Lab for alkalinity sample
tblTRACKING,ALKT,NOT_IN_DATABASE,ALKT_SHIP_ID,TRACKING,NA,Ship id for benthic sample
tblTRACKING,BENT,IN_SHIPMENT,BENT_IN_SHIPMENT,TRACKING,NA,Benthic sample included in the shipment
tblTRACKING,BENT,LAB,BENT_LAB,TRACKING,NA,Receiving laboratory for benthic shipment
tblTRACKING,BENT,NOT_IN_DATABASE,BENT_SHIP_ID,TRACKING,NA,Ship id for benthic sample
tblTRACKING,CHEM,IN_SHIPMENT,CHEM_IN_SHIPMENT,TRACKING,NA,Chemistry sample included in the shipment
tblTRACKING,CHEM,LAB,CHEM_LAB,TRACKING,NA,Receiving laboratory for chemistry shipment
tblTRACKING,CHEM,NOT_IN_DATABASE,CHEM_SHIP_ID,TRACKING,NA,Ship id for chemistry sample
tblTRACKING,D15N,IN_SHIPMENT,D15N_IN_SHIPMENT,TRACKING,NA,Was Nitrogen isotope sample sent in the shipment
tblTRACKING,D15N,LAB,D15N_LAB,TRACKING,NA,Lab for Nitrogen isotope sample
tblTRACKING,D15N,NOT_IN_DATABASE,D15N_SHIP_ID,TRACKING,NA,Ship id for benthic sample
tblTRACKING,ENTE,IN_SHIPMENT,ENTE_IN_SHIPMENT,TRACKING,NA,Enterococci sample included in the shipment
tblTRACKING,ENTE,LAB,ENTE_LAB,TRACKING,NA,Receiving laboratory for enterococci shipment
tblTRACKING,ENTE,NOT_IN_DATABASE,ENTE_SHIP_ID,TRACKING,NA,Ship id for enterococci sample
tblTRACKING,FPLG,COLLECTED,NOT_IN_APP,TRACKING,,Sample was collected.
tblTRACKING,FPLG,DATE_RECEIVED,NOT_IN_APP,TRACKING,,Date sample received by lab.
tblTRACKING,FPLG,IN_SHIPMENT,FPLG_IN_SHIPMENT,TRACKING,NA,Fish plug sample included in the shipment
tblTRACKING,FPLG,LAB,FPLG_LAB,TRACKING,NA,Lab sample shipped to.
tblTRACKING,FPLG,LAB_COMMENT,NOT_IN_APP,TRACKING,,Lab comment.
tblTRACKING,FPLG,NOT_IN_DATABASE,FPLG_SHIP_ID,TRACKING,NA,Ship id for fish plug sample
tblTRACKING,FTIS,COLLECTED,NOT_IN_APP,TRACKING,,Sample was collected.
tblTRACKING,FTIS,DATE_RECEIVED,NOT_IN_APP,TRACKING,,Date sample received by lab.
tblTRACKING,FTIS,IN_SHIPMENT,FTIS_IN_SHIPMENT,TRACKING,NA,Fish tissue sample included in the shipment
tblTRACKING,FTIS,LAB,FTIS_LAB,TRACKING,NA,Lab sample shipped to.
tblTRACKING,FTIS,LAB_COMMENT,NOT_IN_APP,TRACKING,,Lab comment.
tblTRACKING,FTIS,NOT_IN_DATABASE,FTIS_SHIP_ID,TRACKING,NA,Ship id for fish tissue sample
tblTRACKING,HTIS,COLLECTED,NOT_IN_APP,TRACKING,,Sample was collected.
tblTRACKING,HTIS,DATE_RECEIVED,NOT_IN_APP,TRACKING,,Date sample received by lab.
tblTRACKING,HTIS,IN_SHIPMENT,HTIS_IN_SHIPMENT,TRACKING,NA,Human health fish tissue sample included in the shipment
tblTRACKING,HTIS,LAB,HTIS_LAB,TRACKING,NA,Lab sample shipped to.
tblTRACKING,HTIS,LAB_COMMENT,NOT_IN_APP,TRACKING,,Lab comment.
tblTRACKING,HTIS,NOT_IN_DATABASE,HTIS_SHIP_ID,TRACKING,NA,Ship id for human health fish tissue sample
tblTRACKING,MICX,IN_SHIPMENT,MICX_IN_SHIPMENT,TRACKING,NA,Microcystin sample included in the shipment
tblTRACKING,MICX,LAB,MICX_LAB,TRACKING,NA,Receiving laboratory for microcystin shipment
tblTRACKING,MICX,NOT_IN_DATABASE,MICX_SHIP_ID,TRACKING,NA,Ship id for microcystin sample
tblTRACKING,MICZ,IN_SHIPMENT,MICZ_IN_SHIPMENT,TRACKING,NA,MICZ toxin sample included in the shipment
tblTRACKING,MICZ,LAB,MICZ_LAB,TRACKING,NA,Receiving laboratory for MICZ toxin shipment
tblTRACKING,MICZ,NOT_IN_DATABASE,MICZ_SHIP_ID,TRACKING,NA,Ship id for MICZ toxin sample
tblTRACKING,NUTS,IN_SHIPMENT,NUTS_IN_SHIPMENT,TRACKING,NA,Nutrients sample included in the shipment
tblTRACKING,NUTS,LAB,NUTS_LAB,TRACKING,NA,Receiving laboratory for nutrients shipment
tblTRACKING,NUTS,NOT_IN_DATABASE,NUTS_SHIP_ID,TRACKING,NA,Ship id for nutrients sample
tblTRACKING,PHYT,IN_SHIPMENT,PHYT_IN_SHIPMENT,TRACKING,NA,Phytoplankton sample included in the shipment
tblTRACKING,PHYT,LAB,PHYT_LAB,TRACKING,NA,Receiving laboratory for phytoplankton shipment
tblTRACKING,PHYT,NOT_IN_DATABASE,PHYT_SHIP_ID,TRACKING,NA,Ship id for phytoplankton sample
tblTRACKING,SEDC,IN_SHIPMENT,SEDC_IN_SHIPMENT,TRACKING,NA,Sediment toc sample included in the shipment
tblTRACKING,SEDC,LAB,SEDC_LAB,TRACKING,NA,Receiving laboratory for sediment toc shipment
tblTRACKING,SEDC,NOT_IN_DATABASE,SEDC_SHIP_ID,TRACKING,NA,Ship id for sediment toc sample
tblTRACKING,SEDG,IN_SHIPMENT,SEDG_IN_SHIPMENT,TRACKING,NA,Sediment grain sample included in the shipment
tblTRACKING,SEDG,LAB,SEDG_LAB,TRACKING,NA,Receiving laboratory for sediment grain shipment
tblTRACKING,SEDG,NOT_IN_DATABASE,SEDG_SHIP_ID,TRACKING,NA,Ship id for sediment grain sample
tblTRACKING,SEDO,IN_SHIPMENT,SEDO_IN_SHIPMENT,TRACKING,NA,Organic sediment sample included in the shipment
tblTRACKING,SEDO,LAB,SEDO_LAB,TRACKING,NA,Receiving laboratory for organic sediment shipment
tblTRACKING,SEDO,NOT_IN_DATABASE,SEDO_SHIP_ID,TRACKING,NA,Ship id for organic sediment sample
tblTRACKING,SEDX,IN_SHIPMENT,SEDX_IN_SHIPMENT,TRACKING,NA,Sediment toxicity sample included in the shipment
tblTRACKING,SEDX,LAB,SEDX_LAB,TRACKING,NA,Receiving laboratory for sediment toxicity shipment
tblTRACKING,SEDX,NOT_IN_DATABASE,SEDX_SHIP_ID,TRACKING,NA,Ship id for sediment toxicity sample
tblTRACKING,UVID,IN_SHIPMENT,UVID_IN_SHIPMENT,TRACKING,NA,Underwater video sample included in the shipment
tblTRACKING,UVID,NOT_IN_DATABASE,UVID_SHIP_ID,TRACKING,NA,Sample shipping ID.
tblTRACKING,WCHL,IN_SHIPMENT,WCHL_IN_SHIPMENT,TRACKING,NA,Chlorophyll sample included in the shipment
tblTRACKING,WCHL,LAB,WCHL_LAB,TRACKING,NA,Receiving laboratory for chlorophyll shipment
tblTRACKING,WCHL,NOT_IN_DATABASE,WCHL_SHIP_ID,TRACKING,NA,Ship id for chlorophyll sample
tblVERIFICATION,VERIF,ACTUAL_LAT_DD,ACTUAL_LAT_DD,VERIFICATION,NA,Numerical-GPS latitude dd-measured at the site
tblVERIFICATION,VERIF,ACTUAL_LON_DD,ACTUAL_LON_DD,VERIFICATION,NA,Numerical-GPS longitude dd-measured at the site
tblVERIFICATION,VERIF,ARRIVE,ARRIVE,VERIFICATION,,Numerical-time team arrived at site
tblVERIFICATION,VERIF,CREW,CREW,VERIFICATION,NA,Field personnel identifier
tblVERIFICATION,VERIF,DATE_COL,DATE_COL,VERIFICATION,,Date collected
tblVERIFICATION,VERIF,GPS_VER,GPS_VER,VERIFICATION,|Y|N,Yes or blank.  Indicates whether GPS was used as a method of waterbody verification
tblVERIFICATION,VERIF,LAT_DD,LAT_DD,VERIFICATION,NA,Numerical-GPS latitude dd
tblVERIFICATION,VERIF,LEAVE,LEAVE,VERIFICATION,NA,Numerical-time team left the site
tblVERIFICATION,VERIF,LOC_NAME,LOC_NAME,VERIFICATION,NA,Name of site
tblVERIFICATION,VERIF,LOC_VER,LOC_VER,VERIFICATION,|Y|N,Yes or blank.  Indicates whether the team contacted a local inhabitant as a method of waterbody verification
tblVERIFICATION,VERIF,LON_DD,LON_DD,VERIFICATION,NA,Numerical-GPS longitude dd
tblVERIFICATION,VERIF,NOT_VER,NOT_VER,VERIFICATION,|Y|N,Site not verified
tblVERIFICATION,VERIF,OTHER_VER,OTHER_VER,VERIFICATION,NA,description of other verification method
tblVERIFICATION,VERIF,RDS_VER,RDS_VER,VERIFICATION,|Y|N,Yes or blank.  Indicates whether the team used roads to locate/verify the water body
tblVERIFICATION,VERIF,SIG_VER,SIG_VER,VERIFICATION,|Y|N,Yes or blank. Indicates whether the team used signs to locate/verify the waterbody
tblVERIFICATION,VERIF,SITE_ID,SITE_ID,VERIFICATION,NA,Site id
tblVERIFICATION,VERIF,SITESAMP,SITESAMP,VERIFICATION,|Y|N,Was site sampled: Y/N.
tblVERIFICATION,VERIF,SKETCH_SUBMITTED,SKETCH_SUBMITTED,VERIFICATION,|Y,Crew scanned or submitted site sketch
tblVERIFICATION,VERIF,STATE,STATE,VERIFICATION,NA,State of site
tblVERIFICATION,VERIF,STATION_DEPTH,STATION_DEPTH,VERIFICATION,NA,"Numeric, depth of station in m"
tblVERIFICATION,VERIF,TOP_VER,TOP_VER,VERIFICATION,|Y|N,Yes or blank.  Indicates whether the team used topographic maps to locate/verify the waterbody
tblVERIFICATION,VERIF,VALXSITE,VALXSITE,VERIFICATION,|MARINE|GREAT_LAKES|MAPERROR|SHALLOW|UNSAFE|NOACCESS|INACCTEMP|OTHER_NST,Sample method/Nonsamp. reason
tblVERIFICATION,VERIF,VER_REVIEW,VER_REVIEW,VERIFICATION,|Y,Verification form reviewed
tblVERIFICATION,VERIF,VISIT_NO,VISIT_NO,VERIFICATION,,Visit: 1/2
tblVERIFICATION,VERIF,XDIM,XDIM,VERIFICATION,|3|4,"GPS fix (=<3, >=4)"
tblVERIFICATION,VERIF,XSITE,XSITE,VERIFICATION,|37|100,Y-Loction within 37m of x-site: Y/N
tblVERIFICATION,VERIF,XSTATUS,XSTATUS,VERIFICATION,|SAMPLEABLE|NONSAMPPERM|NONSAMPTEMP,Sampling status at X site
tblVERIFICATION,VERIF,YEAR,NOT_IN_APP,NOT_IN_APP,NA,Year site visited
